date,1,2,3,4,5,6,7,8,9,10,11,12,13,14,15,16,17,18,19,20,21,22,23,24,25,26,27,28,29,30,31,32,33,34,35,36,37,38,39,40,41,42,43,44,45,46,47,48,49,50,51,52,53,54,55,56,57,58,59,60,61,62,63,64,65,66,67,68,69,70,71,72,73,74,75,76,77
2001-01-01,701,457,687,282,283,637,689,1403,36,128,135,60,134,349,548,470,225,82,641,266,395,1036,1080,1223,2301,529,608,1303,932,577,390,977,340,160,924,132,163,792,231,443,281,596,1119,798,177,646,49,163,915,116,216,170,465,170,74,370,132,390,153,260,796,86,349,145,271,842,852,917,847,304,889,137,375,105,284,229,411
2001-02-01,604,397,686,260,261,630,513,1213,31,127,109,44,113,307,468,403,186,110,585,228,323,911,1086,1082,2009,483,561,1068,896,562,364,831,267,136,667,136,118,725,199,375,253,573,1010,687,124,532,37,137,787,97,178,172,454,206,58,300,137,352,150,219,704,107,344,130,267,699,812,834,757,224,821,115,355,78,235,222,363
2001-03-01,735,478,724,320,311,677,650,1503,28,209,158,52,139,355,507,449,203,90,760,249,401,1013,1386,1258,2473,609,610,1317,974,633,413,968,337,196,883,116,168,895,243,438,262,694,1297,815,160,644,45,202,919,133,241,210,604,230,94,440,157,384,174,238,828,120,386,176,299,838,1062,1004,866,314,906,136,405,74,285,256,508
2001-04-01,722,399,703,308,298,724,510,1414,42,131,158,43,152,346,497,455,251,88,711,253,412,1056,1300,1344,2435,630,589,1208,979,653,440,896,343,174,787,147,173,874,233,454,248,731,1222,771,147,675,57,207,1027,137,230,204,572,259,80,370,123,423,183,258,917,98,353,198,243,951,998,1042,922,313,991,142,355,96,294,217,459
2001-05-01,705,461,704,319,305,818,671,1399,44,161,159,73,129,365,535,475,241,101,702,256,429,1034,1263,1416,2544,601,648,1293,1105,743,490,875,298,174,791,112,159,860,235,488,302,715,1373,825,192,790,64,207,995,191,223,223,610,234,83,435,113,395,191,290,929,119,332,190,265,886,1032,1117,998,288,1046,135,431,93,337,275,466
2001-06-01,644,422,735,299,321,827,714,1530,47,164,157,67,151,395,554,431,243,89,739,249,434,1028,1230,1469,2440,574,702,1216,1045,666,485,911,306,218,728,131,141,971,233,507,286,767,1283,811,175,719,55,241,1036,138,224,208,615,203,103,354,120,371,217,280,859,105,368,170,263,956,1127,1103,965,322,1046,180,445,101,296,270,463
2001-07-01,828,476,782,367,328,887,766,1674,57,176,173,80,163,429,587,489,249,142,790,310,489,1188,1265,1450,2613,619,617,1271,1036,675,558,993,358,198,709,130,164,976,242,598,340,797,1493,853,211,656,62,278,1151,137,222,228,651,225,94,440,122,367,216,306,981,109,398,178,336,1019,1176,1174,954,317,1121,200,449,99,274,277,551
2001-08-01,844,501,857,342,312,770,708,1714,63,197,190,76,159,432,612,499,253,133,736,237,506,1186,1422,1463,2505,610,697,1417,1107,772,482,953,364,197,653,126,179,957,248,505,292,772,1264,835,180,732,62,248,1154,132,256,210,632,229,104,464,110,345,210,313,885,125,372,171,318,986,1175,1156,946,303,991,171,418,80,320,295,510
2001-09-01,711,462,804,354,293,743,645,1460,39,185,139,69,151,397,543,514,223,105,744,272,466,1058,1254,1423,2499,606,690,1365,1001,757,446,797,366,177,673,116,141,797,237,463,289,703,1231,823,200,633,67,207,1046,145,229,206,676,213,74,402,137,382,159,310,857,132,392,147,331,911,1150,1026,879,331,977,173,480,126,303,218,497
2001-10-01,712,459,783,330,280,789,753,1519,38,175,124,70,132,377,557,461,237,127,795,259,428,1082,1354,1468,2457,610,664,1389,1020,725,471,920,336,177,755,103,131,839,280,477,340,690,1228,814,223,711,57,237,1048,140,236,215,654,225,103,394,194,407,195,340,980,168,360,143,375,985,1171,1151,981,348,1153,181,449,109,369,227,527
2001-11-01,673,432,713,309,319,699,666,1450,30,137,133,59,143,278,485,456,204,93,694,226,345,966,1188,1298,2570,622,619,1300,960,734,368,886,343,152,565,102,177,794,230,530,283,614,1198,792,167,683,60,178,900,145,254,175,567,188,99,422,138,413,139,286,924,122,318,146,340,979,1091,1013,874,322,1028,174,420,98,289,193,418
2001-12-01,599,420,548,300,285,592,614,1426,32,182,139,64,117,321,440,433,199,79,742,219,344,892,1379,1152,2432,584,590,1164,923,664,354,817,266,125,467,112,120,724,234,462,268,559,1136,749,155,560,41,186,921,105,205,160,562,199,78,344,118,307,194,252,836,109,302,126,376,752,967,879,839,309,923,146,400,101,291,174,417
2002-01-01,618,392,657,271,290,636,573,1385,33,171,115,56,130,343,507,400,212,104,702,216,350,927,1224,1212,2341,560,618,1236,892,656,347,831,283,135,548,108,164,726,223,345,239,599,1163,695,181,635,49,218,729,93,175,171,425,130,62,333,94,382,177,262,829,127,328,144,295,749,1044,1039,869,309,958,108,369,40,190,190,404
2002-02-01,507,385,588,248,243,601,515,1149,18,136,149,47,127,356,444,431,188,92,659,173,339,816,1078,1130,2079,573,602,1091,819,568,307,719,313,122,488,77,121,590,190,299,182,521,990,593,152,535,46,201,624,57,182,126,428,115,44,256,106,312,151,259,716,108,343,109,245,666,876,782,658,235,868,104,359,32,155,200,390
2002-03-01,577,389,667,274,298,661,629,1329,38,141,150,76,153,303,487,481,229,100,697,217,379,875,1447,1171,2337,578,689,1179,915,635,358,721,265,144,549,112,104,762,212,340,235,619,1154,666,157,670,48,191,660,76,244,140,485,164,57,330,115,412,189,228,871,105,315,138,292,834,1011,1021,828,281,890,131,384,72,208,183,449
2002-04-01,679,410,742,299,260,734,564,1432,27,140,135,81,130,288,524,435,228,87,650,221,372,876,1221,1194,2518,561,747,1212,957,721,375,759,333,140,589,138,162,738,199,395,267,652,1178,727,164,679,77,197,770,130,243,171,542,169,59,342,138,379,161,265,869,161,290,172,290,947,1150,1022,881,343,973,141,397,67,242,220,460
2002-05-01,681,447,696,286,281,794,720,1476,37,181,157,68,143,407,489,492,270,112,751,239,394,947,1394,1399,2512,586,732,1244,1068,727,409,862,322,178,674,142,145,854,242,442,268,711,1327,773,202,741,58,166,1070,189,257,195,678,245,83,451,144,393,181,294,897,148,338,170,317,976,1272,1154,1001,340,1131,177,530,113,353,198,501
2002-06-01,737,453,757,304,266,853,745,1536,39,189,179,78,122,391,525,523,248,111,703,214,399,970,1256,1463,2500,578,836,1247,979,724,430,829,293,182,656,98,144,838,248,474,290,726,1271,805,184,731,56,185,1038,159,257,188,672,257,106,465,120,423,199,278,920,148,359,180,311,975,1226,1115,947,328,1094,170,514,108,335,169,461
2002-07-01,758,570,773,336,292,865,757,1614,36,168,166,74,144,399,547,515,253,98,759,256,403,1152,1371,1641,2666,701,785,1427,1084,768,496,907,303,194,657,115,169,809,258,543,303,756,1400,851,215,779,57,246,1092,163,287,204,757,279,102,425,157,413,230,344,996,181,439,199,315,1000,1252,1302,1072,411,1088,224,485,99,350,191,472
2002-08-01,787,479,771,329,290,921,764,1564,37,168,179,83,154,395,549,459,279,119,757,255,466,1177,1309,1588,2453,659,682,1282,1024,792,439,892,311,197,672,119,152,833,221,477,318,724,1346,768,229,694,61,214,1089,170,295,222,721,265,81,450,132,379,180,273,993,163,411,177,305,1049,1242,1088,965,337,1050,199,504,71,330,216,467
2002-09-01,711,493,731,297,289,733,712,1420,44,150,167,74,119,365,537,502,279,100,754,289,458,1092,1387,1429,2374,633,696,1227,1022,715,422,836,348,146,610,97,159,726,272,449,345,724,1252,762,177,738,38,196,975,172,255,234,641,233,79,421,135,382,184,282,947,172,339,159,323,1006,1246,1213,873,324,1072,183,423,91,322,202,406
2002-10-01,680,460,691,314,305,734,649,1355,36,171,146,72,143,370,588,504,270,113,796,283,446,1098,1268,1393,2425,714,787,1275,1033,676,390,863,354,147,647,80,154,776,251,505,331,667,1254,781,199,756,60,219,1116,151,232,179,680,219,97,398,126,409,183,336,935,145,372,158,287,973,1229,1180,958,380,1065,147,531,111,328,193,446
2002-11-01,575,402,569,245,263,647,645,1188,43,167,151,59,112,319,523,438,260,87,649,206,362,894,1159,1219,2184,593,693,1090,859,544,362,785,290,123,489,73,158,635,196,344,245,595,1080,711,141,663,46,198,916,130,210,178,506,179,73,361,119,359,153,229,768,148,290,167,311,745,1005,928,782,286,991,135,423,91,281,195,341
2002-12-01,672,463,599,321,265,573,648,1301,28,179,194,68,126,337,544,448,291,111,673,217,376,926,1129,1240,2173,629,635,1222,1009,562,355,818,290,95,479,77,137,682,207,330,256,561,1191,807,192,580,48,200,975,140,217,212,534,203,62,413,128,343,155,220,819,160,345,141,333,872,1029,915,770,360,961,118,370,92,301,197,385
2003-01-01,586,367,563,260,295,614,595,1248,24,155,164,51,117,358,542,450,248,94,683,237,344,861,1213,1173,2206,517,699,1139,935,570,362,780,299,111,617,75,172,727,233,336,298,607,1154,757,164,577,41,180,801,169,209,201,549,162,68,381,153,382,154,264,766,136,339,191,293,782,914,938,776,276,850,121,388,70,252,192,385
2003-02-01,514,403,521,254,235,560,535,1039,38,121,129,53,109,292,491,404,224,94,603,203,362,837,1034,1021,2064,468,600,1034,817,501,315,713,334,120,520,58,150,612,173,362,235,548,1005,628,167,525,39,137,832,153,186,158,522,120,72,327,122,283,147,190,700,123,339,128,245,785,911,840,702,269,797,106,362,78,226,162,335
2003-03-01,668,447,591,266,283,687,628,1240,35,158,179,62,121,335,533,441,236,88,723,236,379,893,1174,1193,2305,658,697,1263,943,568,410,848,338,126,606,73,167,706,225,420,287,700,1205,843,219,667,49,207,890,164,224,207,627,200,78,359,119,440,186,242,934,174,333,167,288,891,1115,974,999,292,977,155,421,100,319,190,379
2003-04-01,669,420,629,274,304,709,684,1287,36,188,136,62,140,399,510,428,243,85,675,235,412,942,1260,1271,2570,635,707,1304,1025,615,415,811,290,184,512,84,163,689,271,454,268,712,1269,706,196,711,57,221,973,156,253,246,595,170,112,394,108,426,167,312,951,155,384,173,282,899,1179,964,924,313,1064,123,445,93,318,176,446
2003-05-01,767,468,659,277,285,752,665,1227,30,184,156,54,120,358,491,487,247,105,778,280,413,922,1388,1267,2603,617,758,1319,1042,652,419,801,334,163,544,86,175,682,232,412,247,711,1339,857,173,793,64,179,1017,157,241,215,639,215,94,436,168,449,203,286,960,181,347,162,311,1056,1291,1113,959,324,1023,144,482,109,326,168,410
2003-06-01,650,451,671,281,281,731,680,1208,27,174,166,65,132,356,537,487,276,130,713,236,363,961,1310,1359,2377,636,621,1290,997,679,434,843,314,154,490,85,208,638,251,473,264,696,1222,780,186,692,50,220,1015,150,245,230,699,220,95,339,134,399,173,295,935,140,339,144,310,1071,1223,1080,959,326,1049,145,425,109,334,184,402
2003-07-01,640,452,705,249,286,769,706,1362,32,194,174,95,123,411,578,510,317,117,759,324,447,1134,1485,1462,2500,719,742,1383,1165,675,537,843,338,174,517,84,195,785,233,501,272,640,1369,894,204,799,65,264,1014,157,300,223,622,223,103,408,149,452,188,281,983,164,398,170,301,1064,1325,1135,1047,331,1144,183,452,90,310,183,428
2003-08-01,729,500,746,286,286,855,768,1338,40,197,173,91,127,432,569,491,306,130,750,261,448,1079,1621,1445,2696,709,1041,1373,1235,697,502,800,321,151,530,88,154,829,246,535,289,737,1356,874,201,816,74,220,1012,161,258,233,612,263,104,372,108,439,184,308,1024,182,409,160,312,1002,1268,1052,916,305,1086,161,420,107,333,203,446
2003-09-01,638,382,626,286,240,837,707,1315,34,170,151,71,130,395,551,456,258,103,688,285,438,959,1342,1372,2745,614,1032,1763,1034,702,432,754,321,167,550,62,133,761,267,419,305,689,1199,765,193,717,60,227,1017,169,259,207,622,199,95,351,149,405,170,235,948,134,324,143,268,948,1211,1094,913,343,1071,170,409,98,313,158,403
2003-10-01,563,448,628,261,263,819,703,1342,35,182,167,71,112,372,613,490,220,108,768,289,390,1013,1309,1322,3725,622,925,1288,1078,685,435,829,367,135,575,72,160,746,288,502,297,740,1248,769,213,777,52,214,1099,202,260,243,670,216,74,387,144,431,172,311,951,153,379,167,329,917,1226,1210,943,386,1099,146,450,113,328,196,396
2003-11-01,573,460,571,288,239,667,640,1350,39,169,123,67,123,378,528,425,245,111,768,238,382,870,1174,1167,2627,606,675,1282,1024,591,363,740,317,127,549,61,119,646,236,400,262,677,1104,722,203,633,58,193,1001,175,213,206,562,157,81,380,142,394,179,249,835,134,344,156,248,891,1088,1016,884,341,1054,136,403,78,260,195,374
2003-12-01,631,397,554,269,259,611,578,1246,52,174,133,93,107,313,528,389,238,112,623,236,399,812,1045,1198,2212,537,622,1152,939,550,334,713,363,98,470,64,133,699,250,391,243,546,1071,719,165,630,67,188,931,183,199,173,514,184,86,307,118,360,145,244,779,111,304,171,326,832,1056,1045,798,279,1025,119,405,80,239,187,350
2004-01-01,571,381,538,224,250,610,609,1177,37,149,122,50,125,309,435,418,237,80,619,200,387,800,1043,964,2211,518,655,1106,1014,514,345,669,349,100,479,57,160,638,189,439,208,574,1068,729,196,648,54,168,914,151,197,150,540,164,88,339,115,382,165,240,775,147,269,110,273,747,991,975,883,276,1041,106,354,89,270,176,367
2004-02-01,560,373,517,221,223,573,460,1114,28,158,133,46,93,285,478,394,206,95,608,179,355,762,1049,1023,2279,529,616,1018,976,562,295,597,256,109,564,58,135,525,208,441,222,542,1079,641,199,643,46,201,906,167,211,164,561,168,49,329,114,379,153,225,738,132,300,121,278,812,961,933,858,269,1051,105,357,91,240,206,360
2004-03-01,649,444,529,242,286,655,526,1346,44,164,138,58,113,266,550,442,229,105,689,274,399,835,1264,1203,2590,596,683,1224,1156,642,387,804,345,122,593,71,130,695,237,434,250,686,1270,872,220,812,51,230,1043,188,232,233,709,200,79,388,140,415,153,304,851,124,338,153,260,913,1275,1159,980,308,1110,114,418,97,332,178,385
2004-04-01,633,447,519,270,244,670,566,1401,28,144,138,59,141,298,480,370,194,86,640,212,386,791,1222,1209,2536,682,703,1138,1174,611,377,686,323,134,572,72,121,705,207,481,278,652,1193,799,177,719,57,201,914,152,240,237,624,189,85,386,129,354,166,249,774,133,306,165,281,868,1131,1047,1004,297,1017,138,413,97,289,167,355
2004-05-01,663,459,672,269,281,791,591,1350,38,174,142,62,122,343,505,446,255,87,660,253,418,856,1149,1224,2459,669,774,1251,1093,740,432,736,337,131,624,93,127,760,236,454,297,705,1386,836,185,767,65,221,1132,158,261,227,656,222,93,413,150,435,197,262,897,159,354,182,290,995,1198,1130,987,358,1116,153,481,100,306,174,393
2004-06-01,663,489,725,302,269,747,611,1394,29,160,167,74,139,346,562,444,270,84,681,203,414,896,1199,1219,2411,669,766,1291,1083,727,407,805,409,180,613,91,129,659,249,438,255,813,1266,857,158,738,75,217,955,151,221,242,691,193,102,432,126,404,237,286,893,154,368,172,313,1024,1205,1115,1067,361,1215,184,485,103,310,178,396
2004-07-01,711,491,685,305,279,878,762,1484,35,144,178,81,115,307,539,493,277,93,759,266,463,1086,1395,1453,2688,647,786,1394,1173,743,462,885,442,213,663,103,150,663,257,438,344,695,1365,826,218,826,54,215,1026,148,217,204,738,201,96,420,130,387,186,255,896,148,335,195,297,985,1244,1171,1099,332,1134,152,533,92,333,197,428
2004-08-01,713,560,705,318,276,955,679,1430,34,175,148,74,133,379,485,435,223,88,719,246,457,1088,1288,1392,2621,702,985,1357,1311,705,444,885,422,156,586,87,144,668,265,419,309,762,1270,846,202,746,78,224,1022,150,227,197,743,216,93,365,132,370,165,241,937,133,380,168,302,1040,1417,1088,1042,361,1140,160,537,79,389,175,458
2004-09-01,672,511,731,287,237,780,682,1341,44,137,108,65,136,330,485,430,235,71,737,243,403,966,1239,1244,2544,840,823,1255,1166,742,395,779,343,120,544,93,114,692,229,431,287,745,1172,797,221,886,80,263,1018,170,222,202,758,199,87,331,144,420,176,289,906,136,322,177,287,980,1339,1168,960,325,1124,163,459,102,321,162,445
2004-10-01,662,638,686,311,282,701,649,1402,26,163,160,69,143,342,477,425,225,87,708,277,357,958,1431,1142,2578,710,922,1313,1166,653,404,847,382,144,541,68,109,638,254,488,313,666,1228,778,233,743,57,247,1086,187,215,172,685,195,75,388,153,383,163,280,962,160,340,159,352,912,1313,1088,1026,395,1217,164,470,102,315,165,475
2004-11-01,578,528,592,340,272,649,560,1151,30,143,138,65,136,290,493,441,250,82,686,222,365,825,1104,1015,2341,673,768,1216,1053,666,397,795,391,119,554,49,105,547,200,386,224,603,1062,726,196,681,56,187,877,153,185,175,585,163,77,367,135,388,161,254,753,151,291,159,310,831,974,1057,835,338,1007,163,424,73,265,152,437
2004-12-01,512,414,514,253,231,607,591,1142,27,170,129,70,107,297,424,395,189,72,595,247,399,759,1102,1001,2153,589,674,1032,957,534,388,786,345,118,493,49,90,448,179,371,243,653,963,732,175,633,61,161,873,137,186,198,565,141,69,347,130,384,153,229,694,131,273,144,303,825,951,901,800,323,939,137,391,70,252,150,381
2005-01-01,556,385,521,229,217,554,439,1051,32,123,144,69,95,273,436,383,206,74,605,183,393,750,1046,861,2224,656,680,1091,971,506,309,707,453,101,625,59,93,515,236,389,230,551,983,634,191,584,48,173,766,121,195,157,562,163,78,359,134,357,142,218,679,115,339,170,241,762,1035,840,707,308,909,129,385,65,265,166,383
2005-02-01,506,382,521,255,238,494,418,982,32,131,117,63,106,266,393,407,190,71,559,178,304,703,978,854,1993,616,666,1018,966,517,327,587,310,114,518,66,89,430,217,375,225,613,1007,639,191,559,55,166,779,133,153,163,581,148,85,363,114,385,122,218,645,124,279,141,222,728,906,806,750,265,879,119,382,63,266,109,371
2005-03-01,551,408,562,320,224,559,492,1086,40,133,128,63,143,330,474,471,229,87,636,193,306,763,1194,965,2451,675,664,1150,1092,564,322,710,369,107,578,71,119,526,233,410,266,586,1206,790,211,676,72,184,995,171,208,191,664,163,73,334,131,405,146,256,732,139,332,146,283,831,1121,981,937,373,1053,121,460,97,315,189,414
2005-04-01,645,456,599,279,258,659,536,1253,35,129,128,64,142,347,526,488,217,77,588,214,367,837,1235,1154,2431,691,710,1061,1127,655,357,725,345,127,630,100,105,538,267,415,293,670,1206,850,190,786,60,223,1020,174,228,185,670,185,92,323,151,367,182,308,791,146,341,158,271,958,1204,1058,949,309,1113,157,456,96,267,186,424
2005-05-01,658,556,640,270,287,752,592,1252,48,149,115,74,152,372,490,431,243,80,739,222,379,850,1403,1127,2447,846,771,1103,1233,668,374,774,440,138,557,85,113,566,270,476,301,652,1232,853,241,735,63,197,1034,147,234,212,739,178,64,354,124,383,165,306,888,151,338,156,294,974,1191,1204,999,368,1119,156,490,84,319,188,423
2005-06-01,650,497,642,278,268,704,661,1285,31,167,138,95,131,295,513,425,234,90,706,245,412,832,1256,1070,2488,755,736,1102,1124,640,372,841,397,150,578,89,127,555,259,457,263,703,1316,880,209,764,59,188,1049,165,210,191,653,163,74,342,117,386,150,275,850,144,398,150,286,1020,1234,1253,1018,344,1076,146,437,95,340,147,428
2005-07-01,742,561,740,285,260,784,638,1325,35,149,149,84,151,335,526,447,221,72,766,249,424,811,1279,1174,2639,729,709,1141,1278,756,385,844,388,164,629,79,127,586,223,486,277,734,1394,893,220,754,79,206,1050,165,252,193,699,169,80,371,148,354,161,299,927,148,385,144,319,1057,1306,1149,986,344,1179,191,475,102,318,185,485
2005-08-01,724,554,757,313,261,742,631,1421,64,159,168,84,111,340,530,459,219,111,741,248,395,835,1426,1202,2497,706,731,1158,1063,656,406,822,411,217,575,88,135,599,230,504,310,858,1385,886,191,739,54,207,1019,144,242,177,758,180,74,344,116,358,155,273,860,113,389,158,229,1120,1311,1048,1033,322,1212,164,475,92,293,185,495
2005-09-01,665,574,703,318,221,693,554,1315,38,147,142,71,192,407,505,460,179,75,730,247,357,820,1400,1097,2414,694,721,1113,941,720,375,770,410,179,595,80,143,607,261,443,323,672,1256,760,167,664,51,212,982,147,220,185,623,165,76,322,165,376,164,262,831,144,395,144,244,1015,1217,1007,1025,332,1170,163,449,85,304,164,481
2005-10-01,677,539,699,289,255,661,591,1288,35,165,146,68,143,333,506,399,269,98,837,248,354,795,1290,1214,2414,724,719,1193,1011,663,338,759,377,153,597,61,120,542,276,427,277,657,1227,862,214,710,67,207,1057,154,194,230,723,165,67,349,147,355,195,265,866,149,402,161,258,1122,1141,975,1007,396,1173,146,495,83,300,185,389
2005-11-01,597,447,600,280,241,587,549,1212,30,135,131,60,125,305,482,387,228,73,731,205,328,738,1136,1074,2048,587,621,1092,1026,598,333,656,360,125,478,56,119,496,217,375,282,591,1085,754,170,626,54,179,939,148,181,203,625,151,92,334,132,346,170,256,778,129,350,150,287,1009,1023,944,974,342,1012,125,430,87,311,154,359
2005-12-01,513,448,506,234,244,519,471,1091,39,144,90,69,102,283,427,365,204,89,634,180,301,618,1050,987,2103,700,575,905,816,502,299,688,352,117,445,38,96,397,191,404,211,531,1031,776,167,632,51,176,824,122,183,185,515,158,67,285,124,323,144,175,738,108,344,134,274,833,815,777,742,292,811,111,355,83,235,143,331
2006-01-01,612,525,558,282,242,630,543,1070,50,149,124,76,121,321,471,471,221,99,761,205,402,794,1052,1105,2241,652,657,967,1033,535,348,653,328,113,492,60,103,555,220,460,211,612,1128,764,157,686,35,193,933,133,218,179,645,151,90,358,190,371,180,256,737,142,363,151,308,929,1128,1002,932,325,985,125,436,79,267,166,385
2006-02-01,489,441,453,248,218,505,416,1010,31,121,150,61,141,292,375,382,194,68,636,214,297,731,982,882,1960,495,569,841,857,503,274,573,315,121,411,67,113,431,179,434,171,565,957,611,155,562,41,134,856,112,163,174,546,106,55,288,107,323,133,187,663,137,310,109,261,863,884,817,778,265,808,103,379,64,254,134,336
2006-03-01,569,527,594,261,248,610,517,1210,22,124,125,56,131,294,454,385,191,84,649,276,312,751,1254,1099,2295,743,669,999,930,651,375,738,339,144,450,61,124,498,190,401,209,579,1180,786,199,761,70,214,989,148,222,212,644,132,72,365,134,404,149,208,773,156,316,134,312,909,1294,1126,881,328,981,131,449,97,298,212,401
2006-04-01,550,480,515,273,216,630,555,1093,34,141,129,83,111,305,444,408,200,71,630,198,383,725,1063,1060,2407,677,725,1075,992,607,339,686,367,139,494,58,122,510,184,407,186,662,1209,747,178,657,60,182,991,134,220,161,716,132,84,305,150,355,148,239,823,160,348,180,314,994,1127,1055,968,326,1022,100,452,57,266,219,356
2006-05-01,626,471,589,320,227,662,542,1226,33,186,152,62,149,396,463,469,202,87,692,237,331,921,1304,1138,2684,778,807,1167,1006,629,363,700,366,165,581,73,131,527,222,466,230,694,1362,800,224,838,48,182,1011,146,212,233,662,118,82,356,136,395,160,297,922,154,364,154,332,1000,1130,1042,989,372,1053,115,482,73,326,241,398
2006-06-01,647,536,539,253,232,698,597,1278,37,162,159,57,135,363,457,436,247,82,662,225,363,851,1137,1098,2489,775,749,1107,1127,619,332,812,394,159,605,68,135,507,208,428,200,637,1367,785,208,773,49,221,1069,158,227,181,698,155,91,335,114,328,174,272,871,144,352,170,291,971,1169,978,828,356,1065,135,449,81,317,232,427
2006-07-01,697,601,645,290,261,820,595,1384,53,176,172,75,133,362,444,475,224,89,640,257,392,928,1269,1201,2486,677,733,1060,1153,700,400,785,438,154,552,90,142,572,203,497,253,757,1526,812,204,874,73,209,1149,156,238,185,713,154,87,378,130,452,187,301,941,145,360,166,268,1082,1283,1181,1030,380,1081,159,555,84,337,246,437
2006-08-01,687,547,693,270,247,791,603,1293,42,169,179,63,138,396,497,373,207,92,676,247,379,810,1157,1223,2701,818,779,1011,1148,671,386,836,351,180,578,72,140,570,190,443,271,740,1451,754,185,825,58,210,1052,136,225,177,592,136,101,434,121,358,184,298,926,127,321,151,291,1087,1192,1191,939,389,1092,117,472,89,306,248,415
2006-09-01,563,511,607,299,258,658,577,1195,38,132,154,58,146,381,445,425,212,87,654,241,335,882,1165,1123,2452,700,793,958,1013,609,379,748,412,128,494,68,131,490,169,462,249,621,1192,769,193,745,60,210,1054,127,190,168,585,130,57,346,119,376,158,262,878,154,328,158,289,1042,1139,964,881,372,1010,133,487,79,340,192,379
2006-10-01,636,493,564,277,287,637,589,1127,28,165,150,54,124,339,474,443,218,83,635,228,349,783,1195,1069,2486,699,735,1080,957,645,420,749,409,127,556,68,132,477,183,453,244,682,1223,758,202,820,75,203,1145,155,225,177,656,110,83,339,135,439,182,213,904,151,341,162,306,1046,1206,1007,987,438,1004,149,526,101,323,209,435
2006-11-01,534,449,533,243,186,607,569,1098,32,138,147,64,110,331,449,368,181,74,617,185,313,687,1014,971,2376,701,731,934,911,647,372,723,339,104,550,63,113,452,185,364,224,669,1106,757,197,672,48,214,977,132,218,167,640,151,72,368,161,404,161,229,875,135,366,128,275,921,1056,955,816,369,991,118,393,78,277,221,370
2006-12-01,545,443,490,252,189,570,539,1173,34,148,151,73,111,281,437,406,179,72,581,191,283,676,1028,983,2120,646,650,877,864,573,322,678,355,87,394,48,124,415,216,347,228,619,1068,721,206,715,48,176,980,148,205,175,539,140,90,326,137,407,182,197,684,132,307,148,302,841,1032,915,890,363,977,135,436,67,301,188,355
2007-01-01,567,427,541,251,216,610,566,1135,33,121,121,54,97,258,415,345,207,85,591,203,312,665,946,898,2118,661,690,905,916,617,318,700,351,87,573,62,133,419,158,302,229,610,1001,767,179,658,49,177,956,150,207,161,582,121,65,309,122,328,141,217,718,115,333,127,274,922,1011,884,906,302,1037,145,408,67,236,237,355
2007-02-01,400,319,387,166,140,436,361,885,16,122,109,32,91,201,307,301,140,61,527,182,249,578,808,632,1825,544,694,743,707,492,265,596,256,72,458,53,80,324,161,240,136,444,951,555,143,573,61,110,829,119,151,116,507,80,39,224,127,294,123,172,576,101,263,105,184,685,794,711,736,258,832,95,322,61,206,152,270
2007-03-01,568,441,509,238,216,608,566,1050,34,125,124,54,106,340,454,378,230,107,655,229,350,780,1087,906,2506,794,747,918,888,659,337,758,322,96,496,73,105,405,217,416,227,664,1131,721,185,771,67,194,993,144,247,188,692,116,72,373,146,394,161,212,768,116,332,162,277,923,1143,1022,950,371,1171,103,444,97,282,213,308
2007-04-01,521,398,540,223,223,613,521,1107,32,143,126,65,119,334,453,351,230,94,636,202,317,726,1102,933,2390,691,650,951,957,622,330,700,283,82,484,85,112,375,192,347,201,680,1170,854,199,791,64,207,1044,159,246,180,637,147,81,333,162,332,156,207,739,138,329,173,269,905,1103,934,927,349,1143,114,443,77,271,209,321
2007-05-01,657,459,528,247,251,743,640,1228,37,148,166,68,135,332,483,437,233,90,707,234,343,822,1273,1086,2596,653,775,1097,992,737,407,800,330,119,518,76,127,538,223,476,234,778,1344,908,200,944,62,213,1076,186,253,204,764,164,96,339,163,415,161,245,818,156,366,147,325,1006,1205,1062,1004,402,1277,145,500,103,344,225,359
2007-06-01,603,423,593,237,215,762,571,1222,42,151,126,67,140,307,474,460,235,92,754,224,338,791,1215,1128,2543,649,680,966,983,705,363,809,311,125,446,87,126,517,232,439,252,805,1255,852,170,788,63,198,1103,156,229,180,822,138,73,365,129,322,144,233,858,145,353,185,257,1068,1227,1122,1015,407,1138,169,508,66,376,206,372
2007-07-01,671,453,648,282,229,815,706,1339,30,207,171,61,116,361,508,393,253,100,756,254,348,883,1231,1162,2668,749,720,1030,1046,681,405,828,317,116,433,93,148,494,255,447,223,787,1289,874,194,762,67,221,1156,190,244,183,811,159,68,371,115,428,153,261,899,140,341,209,269,1046,1459,1217,1130,379,1224,127,498,69,331,209,396
2007-08-01,613,502,634,256,220,813,586,1348,49,168,147,75,115,335,454,444,236,101,718,217,352,842,1109,1252,2588,744,676,1064,1103,666,402,767,330,117,436,91,137,472,212,465,243,691,1178,799,218,821,84,230,1181,155,242,188,751,113,60,346,135,344,165,238,973,171,307,194,273,997,1213,1190,1025,359,1296,171,500,77,355,235,395
2007-09-01,578,482,573,256,257,731,645,1135,38,165,122,66,118,336,470,399,200,64,678,223,335,824,1140,1108,2558,693,734,1069,986,707,379,689,309,111,465,83,113,465,181,372,227,756,1171,820,194,733,65,215,1116,182,234,186,668,129,85,364,164,380,161,216,884,172,312,162,269,1050,1198,1155,953,350,1056,143,465,97,364,201,423
2007-10-01,705,495,540,229,248,694,707,1197,35,135,142,81,154,320,450,456,283,99,685,239,324,862,1219,1187,2512,658,748,1058,1032,729,389,754,298,114,439,76,124,461,207,365,250,746,1370,890,179,741,49,220,1161,198,264,177,707,123,87,335,174,364,149,221,986,164,351,172,290,1084,1171,1122,998,417,1176,134,524,102,367,193,399
2007-11-01,504,474,493,247,196,591,535,1158,38,144,126,59,180,293,438,379,220,77,651,229,317,736,1015,1078,2150,595,696,904,883,536,371,660,267,111,357,92,94,465,213,324,186,552,1219,794,192,646,63,188,1047,176,207,173,536,129,66,310,142,312,156,206,773,134,325,148,258,920,1010,1027,808,327,1025,112,413,71,272,180,321
2007-12-01,397,378,397,208,220,560,495,1044,32,144,133,56,127,280,422,351,220,85,636,185,286,655,885,928,2005,486,608,912,823,524,324,649,277,67,358,67,118,399,197,281,190,491,1139,785,201,587,43,171,925,133,211,156,549,106,66,304,146,286,116,174,707,123,291,139,267,689,1003,922,806,303,927,85,371,72,236,187,320
2008-01-01,495,409,433,236,183,597,543,1088,37,163,143,54,110,305,415,398,218,70,653,194,333,700,966,1026,2006,612,604,923,821,617,292,631,344,96,345,73,114,398,171,348,153,526,1166,794,163,588,61,170,1030,144,211,160,571,122,78,319,136,306,149,208,685,122,296,109,285,771,997,955,783,302,989,114,350,62,250,197,311
2008-02-01,434,341,360,193,195,515,425,897,35,125,114,47,113,237,330,347,178,54,514,182,271,578,929,818,1776,499,519,785,712,551,272,546,286,80,350,55,90,323,136,265,139,411,1061,632,166,541,49,163,875,127,185,141,501,111,64,272,137,262,99,204,582,110,259,126,252,748,837,781,610,253,933,93,333,58,218,169,275
2008-03-01,469,425,420,206,173,594,522,989,29,156,138,51,108,324,458,394,203,70,651,174,295,691,1079,944,2147,592,622,910,943,705,339,643,348,78,419,56,130,391,214,294,179,548,1222,739,217,621,49,192,926,153,193,189,533,106,82,306,140,307,123,205,776,115,293,151,259,942,918,1040,839,363,1059,133,404,82,305,204,311
2008-04-01,556,420,511,195,178,642,517,1023,42,153,146,59,136,319,455,427,249,79,618,201,300,693,1207,1010,2269,624,629,1005,968,643,337,717,383,113,365,92,120,432,186,331,185,594,1174,678,204,662,50,177,942,175,266,197,589,114,77,273,128,326,142,222,757,176,307,137,238,996,1079,1054,916,387,1072,113,391,74,284,203,333
2008-05-01,519,493,531,223,197,728,577,1122,48,165,163,79,139,299,531,430,260,80,730,226,340,757,1157,1099,2529,583,697,1003,941,675,414,690,363,110,375,95,115,461,220,312,176,631,1212,843,217,714,83,202,1152,141,277,214,597,120,100,332,167,402,137,246,742,115,351,187,248,996,1186,1119,937,408,1192,131,510,84,282,234,319
2008-06-01,592,477,564,264,215,784,592,1182,52,198,159,75,121,289,502,397,251,97,662,223,321,721,1099,1088,2463,604,657,957,992,629,418,761,285,162,330,89,111,458,193,367,221,683,1202,782,203,787,80,194,1036,137,220,176,596,125,100,296,114,353,163,217,723,135,345,158,238,1019,1197,1129,897,422,1214,147,448,91,301,210,415
2008-07-01,607,475,589,270,242,761,620,1273,41,219,157,88,115,385,513,484,288,110,684,217,335,823,1189,1136,2515,700,663,1073,1032,646,367,899,327,153,379,118,120,506,228,420,228,664,1403,841,190,856,58,201,1198,154,280,187,723,122,110,315,107,377,186,246,805,161,351,176,273,1079,1382,1195,984,336,1159,150,451,111,366,226,392
2008-08-01,645,501,593,247,278,794,651,1286,52,158,183,79,145,343,540,443,243,107,709,232,368,821,1247,1179,2485,689,748,988,1069,678,389,872,302,150,356,110,142,509,214,428,222,681,1251,906,185,721,67,208,1136,122,249,192,698,115,83,346,118,373,169,272,849,173,338,168,240,996,1493,1219,1066,362,1234,183,445,63,319,220,409
2008-09-01,574,459,522,266,255,717,614,1179,29,155,157,64,141,351,507,412,256,105,735,193,358,738,1116,1069,2342,760,692,1028,995,599,352,739,300,107,343,58,109,527,189,381,218,653,1169,823,191,630,65,216,1119,132,209,185,649,111,69,271,122,355,138,218,818,148,351,161,292,1006,1244,1041,904,363,1070,144,397,86,287,204,361
2008-10-01,549,525,523,211,222,741,651,1190,29,181,142,62,144,341,487,414,263,87,718,222,325,818,1157,1192,2322,612,790,1113,977,612,348,710,293,119,406,67,145,529,189,410,181,653,1213,768,206,641,82,191,966,154,207,197,569,100,70,283,147,416,166,220,782,149,365,163,339,959,1169,1064,961,415,1098,155,493,90,304,152,376
2008-11-01,504,443,432,217,203,612,525,1097,30,159,146,72,135,289,491,357,270,67,642,193,350,689,966,1053,2147,590,691,894,904,462,243,708,321,82,264,77,99,426,195,297,156,545,1031,715,189,625,54,199,859,140,183,152,531,109,70,297,125,322,154,183,691,159,333,170,288,850,983,949,793,334,953,150,388,66,272,140,327
2008-12-01,444,409,427,215,204,586,463,971,41,138,114,49,104,274,426,325,211,69,574,168,262,664,885,856,1803,466,544,783,725,420,239,687,278,91,246,49,89,331,156,311,153,449,931,616,168,520,44,145,824,90,168,151,447,110,53,284,113,318,141,183,635,148,313,164,282,761,862,742,675,295,707,119,348,56,231,161,287
2009-01-01,483,359,411,230,197,567,499,916,31,130,102,43,78,330,422,341,226,63,651,182,306,678,967,935,1949,497,539,842,747,453,278,570,194,66,290,47,113,412,157,298,129,492,1056,635,146,548,61,151,805,92,156,157,540,90,58,257,113,312,119,173,610,161,334,111,243,761,798,878,718,285,887,96,309,55,230,178,246
2009-02-01,405,385,408,213,170,516,447,961,20,135,111,37,102,278,383,304,197,74,597,166,313,595,797,954,1963,471,503,765,683,451,272,582,185,86,242,55,92,338,177,257,133,458,898,582,171,589,36,158,715,107,150,147,449,77,67,254,152,277,125,157,537,129,285,103,239,694,744,745,623,265,891,88,326,68,208,152,257
2009-03-01,505,454,412,229,218,664,473,999,27,153,136,67,126,340,462,409,231,101,670,190,280,697,1086,1005,2324,489,611,814,924,557,291,646,170,81,329,70,103,461,201,345,170,586,1159,673,164,679,56,171,987,112,206,176,542,103,66,315,136,336,151,177,698,129,328,169,249,862,925,868,803,303,1015,119,398,75,318,168,331
2009-04-01,465,489,400,221,184,597,480,975,38,152,130,60,117,313,465,403,202,90,632,200,303,707,1084,955,2212,486,592,828,828,542,302,674,147,95,272,79,94,435,195,383,171,609,1052,687,166,596,55,191,954,109,190,151,548,101,62,287,144,336,136,193,666,133,321,151,248,866,937,838,826,304,1016,99,385,85,260,125,271
2009-05-01,535,478,471,273,244,695,564,1112,36,163,141,69,119,314,475,416,230,99,774,193,299,753,1069,980,2215,548,643,877,916,597,334,695,186,88,309,88,102,494,217,402,197,607,1115,782,190,668,55,182,971,155,237,188,632,130,64,338,147,371,160,173,691,141,316,183,246,953,1000,979,892,330,1122,133,405,71,289,183,329
2009-06-01,521,447,447,192,190,666,526,1076,39,155,118,79,91,279,431,395,253,90,689,237,311,746,1072,977,2195,511,571,854,846,558,317,739,205,122,238,73,97,463,197,371,184,586,1099,714,179,673,43,203,948,136,213,206,637,126,87,313,129,376,160,229,729,130,331,145,286,889,1103,987,918,309,1040,121,398,84,288,185,290
2009-07-01,598,475,470,219,215,823,629,1122,46,158,143,63,100,301,531,410,268,89,687,210,351,755,1084,998,2339,561,681,892,919,538,364,815,212,109,233,85,91,483,175,380,204,619,1153,764,159,688,50,169,1027,138,261,175,599,121,61,253,131,314,161,256,738,136,377,158,255,982,1073,911,775,314,977,140,454,70,323,216,330
2009-08-01,550,444,522,230,218,762,581,1074,45,137,154,59,121,270,435,396,249,111,746,220,340,788,1194,1063,2273,545,581,869,900,587,327,665,195,146,246,83,106,483,240,394,196,653,1227,765,151,721,56,182,1048,111,223,195,677,137,76,266,137,327,162,259,762,117,342,132,250,985,1034,900,895,330,1048,127,435,86,336,178,300
2009-09-01,509,449,483,222,214,706,507,1052,29,135,148,62,120,300,436,401,219,83,748,179,372,766,1069,999,2125,583,589,888,838,537,300,708,228,141,241,67,104,443,204,362,140,620,1099,679,167,597,49,174,942,115,230,168,565,116,71,244,141,303,133,257,686,117,330,137,277,912,988,938,868,333,982,119,435,88,292,163,330
2009-10-01,459,427,385,192,212,608,500,981,29,137,138,61,99,305,403,405,220,73,670,227,319,752,1109,1033,2057,552,631,926,935,511,265,635,197,102,277,71,87,453,173,385,203,595,1049,665,188,607,47,161,969,132,200,170,523,133,73,240,138,293,140,219,694,125,322,126,243,838,1018,887,810,345,885,121,396,58,267,168,298
2009-11-01,447,398,360,197,181,577,412,925,21,140,99,79,119,282,419,398,199,107,685,204,303,672,1049,919,2083,545,581,903,785,442,295,593,174,102,255,60,73,390,191,314,175,498,1047,646,150,624,44,190,939,115,235,174,480,130,70,260,127,318,151,237,632,159,313,126,270,826,969,846,718,315,875,112,376,74,272,167,310
2009-12-01,399,358,358,188,163,471,409,910,21,104,71,62,102,228,365,334,168,100,630,223,313,667,922,826,1898,448,513,785,736,427,242,632,154,80,207,69,82,378,173,285,169,450,908,576,164,519,51,147,740,124,228,152,430,100,52,209,136,262,128,167,618,127,284,102,258,719,776,770,681,263,773,108,326,73,232,142,287
2010-01-01,432,384,388,177,155,515,408,926,25,90,98,54,79,237,381,336,156,70,638,202,293,641,1001,837,1953,532,631,814,821,523,265,645,151,106,236,50,91,351,159,304,184,553,927,607,140,509,36,167,797,105,201,163,425,120,42,168,102,290,140,202,615,117,327,119,250,889,858,812,734,295,869,109,312,75,236,163,300
2010-02-01,359,337,306,199,138,396,317,828,21,83,86,46,88,264,309,276,163,60,530,151,264,508,861,640,1755,457,560,577,748,414,236,553,146,128,210,55,94,294,157,263,127,402,879,483,123,449,21,143,727,90,162,134,386,98,55,193,124,238,108,191,603,106,252,91,213,660,734,709,629,231,680,100,308,55,196,124,225
2010-03-01,492,437,418,205,174,570,427,924,25,142,117,60,92,302,360,373,195,69,707,216,310,682,1051,891,2146,608,628,845,978,554,319,657,177,126,284,75,95,398,196,351,159,555,1014,700,171,592,24,161,1094,115,230,167,551,122,65,255,129,344,136,234,664,131,357,121,287,882,1009,980,801,340,943,90,401,63,282,166,294
2010-04-01,524,357,387,200,181,591,440,967,18,105,137,59,93,289,395,388,214,66,647,217,330,718,1018,864,2276,597,618,788,960,526,320,614,147,120,244,61,115,388,183,319,171,571,1008,675,160,574,43,151,918,123,219,152,525,131,78,215,114,336,122,207,686,107,305,110,248,971,919,847,906,292,976,86,379,99,283,173,290
2010-05-01,533,428,446,228,184,726,539,1009,20,132,125,56,88,268,418,383,183,62,734,239,333,740,1025,987,2243,538,651,888,1018,602,312,605,167,109,264,77,128,460,221,342,202,587,1070,657,174,599,49,185,980,113,257,159,559,99,62,252,156,327,128,248,733,131,384,139,256,924,934,945,890,332,944,90,469,83,261,140,339
2010-06-01,539,436,429,249,172,738,553,995,24,129,114,64,106,321,457,391,201,104,630,174,306,655,1000,973,2122,543,591,919,920,540,321,675,197,123,284,74,112,415,195,346,215,611,1028,666,164,619,49,172,959,136,252,162,558,106,81,185,101,327,141,228,664,109,346,111,255,942,957,887,789,302,1005,119,429,67,299,155,353
2010-07-01,526,426,489,232,187,763,579,1099,21,121,133,59,105,324,417,466,213,89,620,213,370,723,1103,1058,2173,571,642,891,945,511,323,752,212,127,249,88,101,416,205,341,234,640,1118,629,148,628,44,174,879,101,226,151,538,141,56,244,102,262,130,226,703,109,318,145,237,898,1068,901,800,291,965,131,442,83,329,155,355
2010-08-01,483,471,509,225,207,797,623,1139,34,127,138,86,107,326,413,448,216,87,612,209,336,845,1070,1160,2138,601,587,886,960,540,318,725,197,126,246,94,130,454,207,373,194,584,1199,666,163,653,36,189,822,117,228,176,564,144,75,228,104,294,115,213,729,113,360,139,234,1050,1053,931,816,306,972,141,405,99,291,148,322
2010-09-01,442,383,474,239,181,689,571,954,25,154,130,57,111,313,360,400,195,69,673,230,339,699,990,1091,1960,574,576,853,881,547,288,681,158,133,271,58,90,372,208,386,198,542,1046,644,175,574,49,215,822,119,219,156,502,124,49,234,106,234,123,197,666,110,339,131,198,913,994,907,868,272,955,119,393,93,278,172,314
2010-10-01,446,441,490,255,169,649,573,1015,49,131,131,42,119,346,435,420,245,89,683,210,334,702,1076,1106,2041,487,540,953,920,577,292,741,160,91,254,81,100,404,208,368,201,550,1100,659,145,596,49,174,815,134,223,154,516,114,76,232,123,322,118,192,598,130,337,122,203,859,930,875,811,319,950,111,427,81,258,168,322
2010-11-01,450,402,373,180,156,557,404,906,22,123,96,50,110,286,359,318,180,68,571,189,297,626,864,927,1851,441,520,789,911,516,266,647,166,91,224,80,77,391,201,365,187,476,1025,587,156,519,31,192,842,121,220,129,471,95,68,199,108,291,122,152,582,119,309,79,205,838,1002,722,702,268,816,102,312,71,245,155,298
2010-12-01,343,378,362,171,158,467,362,823,21,104,89,63,89,269,332,323,188,66,535,164,229,616,758,815,1631,426,436,628,781,436,234,552,140,88,187,66,82,331,155,292,162,413,902,550,112,464,31,175,709,99,183,149,376,101,58,177,87,262,100,156,497,113,306,90,191,688,757,645,620,224,591,86,273,47,202,176,255
2011-01-01,381,364,386,171,142,519,365,856,31,102,109,58,84,242,325,365,145,64,573,170,268,628,896,832,1764,471,540,748,776,494,284,538,157,83,238,61,98,376,184,269,149,453,1018,523,164,489,37,169,787,101,179,140,487,93,46,176,95,313,107,161,595,107,320,81,229,775,736,685,670,262,688,71,311,64,234,155,272
2011-02-01,365,288,276,191,144,438,317,654,32,100,84,49,57,225,266,296,128,55,441,147,213,531,713,659,1445,397,435,584,669,395,214,462,123,85,181,46,77,316,124,253,116,397,750,411,112,403,26,111,612,66,139,110,402,74,49,165,88,259,87,156,475,92,235,90,171,598,609,561,597,205,650,71,259,42,165,110,259
2011-03-01,403,356,351,214,154,535,373,894,28,122,96,48,96,250,354,378,179,74,578,163,313,587,943,794,1917,537,528,809,838,504,235,586,132,123,246,57,92,395,164,345,150,507,926,599,166,500,35,170,790,104,220,142,474,139,45,226,99,363,109,187,659,102,304,104,225,837,865,809,771,258,820,95,336,60,237,172,260
2011-04-01,444,380,380,194,160,572,443,876,23,148,117,57,74,263,383,340,169,77,592,186,265,617,860,819,1843,523,563,793,910,479,256,554,127,105,191,63,102,388,143,352,168,436,1010,637,160,609,36,150,846,107,187,135,507,121,69,216,110,356,120,212,609,145,324,108,202,846,888,857,727,267,878,86,338,84,244,133,295
2011-05-01,456,363,410,197,203,689,470,931,47,154,98,48,84,266,377,404,197,78,622,200,300,655,1005,954,2033,589,534,850,874,518,299,575,143,150,225,75,117,461,168,385,200,567,1055,716,211,665,30,215,917,110,203,189,495,146,82,241,105,294,139,204,694,138,366,115,234,958,944,877,794,252,926,125,371,58,263,144,299
2011-06-01,467,327,431,227,185,767,520,1007,30,133,118,58,94,230,396,366,193,67,600,188,318,666,989,991,1989,555,570,886,895,537,344,706,154,140,258,63,104,422,194,370,242,538,1241,668,196,643,43,225,867,115,235,170,519,150,78,222,108,317,129,208,730,146,324,102,234,1003,1041,894,797,281,974,107,380,60,255,165,302
2011-07-01,516,466,434,152,158,783,561,1122,31,121,116,73,102,257,436,381,192,77,617,170,318,668,1085,989,2124,581,573,878,919,546,329,684,201,115,259,120,114,462,202,400,262,570,1097,676,183,628,51,213,913,94,230,163,520,145,109,238,103,315,142,208,759,132,339,147,256,986,1062,853,814,299,1043,126,385,72,275,178,291
2011-08-01,464,417,435,208,159,701,494,1102,43,128,122,44,98,255,433,392,217,83,625,177,336,697,1015,965,2019,546,593,900,870,605,334,760,170,145,248,77,99,484,213,392,215,519,1061,706,183,581,41,201,885,84,241,168,533,155,84,222,114,299,136,208,760,147,339,134,243,896,1129,851,849,255,948,133,349,59,271,179,309
2011-09-01,448,361,456,186,172,621,467,939,28,124,104,48,112,302,328,336,195,79,581,177,287,640,985,879,1857,549,530,834,857,543,321,709,181,129,240,67,93,354,166,312,161,449,997,604,127,595,42,220,865,109,221,153,551,153,64,212,118,312,106,183,649,131,322,98,220,822,946,711,783,248,853,131,392,66,243,160,272
2011-10-01,437,401,451,219,185,709,475,1022,29,105,111,53,109,297,366,390,193,72,606,164,287,579,987,880,1993,468,511,895,803,538,299,743,124,125,196,59,102,385,168,316,188,443,1050,608,156,606,28,213,876,77,229,161,521,142,75,224,132,302,130,215,630,137,301,110,215,802,930,752,743,285,890,110,371,56,223,179,260
2011-11-01,363,366,399,178,146,616,456,896,19,117,98,37,102,266,352,315,174,59,505,157,218,525,864,714,1877,502,534,735,788,460,287,668,125,114,206,46,120,352,196,309,157,381,948,619,143,521,49,183,826,109,210,158,426,105,73,206,99,295,113,191,603,100,282,113,218,712,804,725,709,271,786,84,330,64,272,196,256
2011-12-01,370,331,364,179,143,570,342,913,27,90,131,29,103,240,366,337,177,64,530,160,247,530,801,654,1846,557,513,781,794,396,240,622,141,128,221,58,69,334,148,302,149,440,923,545,156,519,38,143,722,113,215,179,467,106,48,207,113,283,110,194,565,108,265,136,235,711,863,739,662,250,801,98,336,42,228,166,263
2012-01-01,353,321,408,159,139,500,401,783,20,89,120,37,70,248,337,312,165,66,522,148,238,513,979,727,1655,542,494,727,755,433,229,629,135,142,195,56,70,333,157,218,156,413,858,559,145,552,42,146,737,96,212,133,427,103,59,205,94,268,101,184,494,106,300,96,195,794,832,737,640,229,774,77,312,60,193,125,277
2012-02-01,342,291,344,161,121,447,291,769,34,103,93,34,70,226,280,294,110,69,452,172,243,464,890,631,1627,477,523,587,711,411,232,544,103,79,181,47,81,281,124,236,151,373,817,505,134,516,30,136,630,114,173,122,417,130,34,185,91,224,103,165,487,84,223,81,163,625,718,638,663,236,741,83,251,47,201,117,242
2012-03-01,448,312,371,188,140,619,344,907,28,129,110,45,90,259,362,338,184,56,494,172,263,513,939,774,1939,625,536,796,900,509,284,664,146,105,238,60,88,338,145,285,166,436,936,616,177,593,37,176,751,116,194,136,555,157,64,222,78,250,111,166,577,106,244,114,181,823,1023,821,723,276,856,104,334,43,199,141,278
2012-04-01,405,324,377,204,127,574,355,879,24,134,105,28,92,237,317,316,146,63,486,161,273,601,901,719,1747,540,483,712,898,482,257,565,148,109,222,66,92,355,153,295,166,426,925,698,145,522,34,199,828,91,209,139,452,141,73,186,105,252,101,202,517,124,214,109,168,709,834,752,718,220,799,120,316,69,235,126,256
2012-05-01,468,353,382,185,182,661,438,866,34,109,121,51,102,273,355,346,172,67,552,196,277,606,973,795,1889,599,610,828,870,566,321,599,164,134,261,65,122,392,202,355,183,544,1029,665,175,643,43,200,852,118,199,174,531,140,61,210,119,283,134,218,570,123,291,110,200,788,877,826,751,289,876,90,368,76,273,162,313
2012-06-01,419,357,508,243,194,789,526,1121,30,136,121,42,83,247,369,354,178,67,650,187,281,603,1024,902,1925,566,560,873,961,489,285,675,172,164,246,90,121,403,192,374,196,549,1086,651,158,613,55,193,855,109,237,164,529,151,79,223,91,323,110,217,585,124,295,101,215,760,917,870,773,225,806,114,335,63,282,148,300
2012-07-01,477,379,568,232,159,831,538,1128,25,123,136,53,103,270,389,354,190,77,560,172,334,709,1035,993,1939,643,563,877,912,534,311,675,172,172,226,83,123,356,156,354,193,559,1179,624,170,607,60,176,892,107,214,146,520,139,71,225,112,304,141,226,660,127,344,117,225,774,941,843,907,232,846,104,368,69,239,191,343
2012-08-01,446,396,511,216,206,807,473,1134,21,124,126,56,80,252,359,324,182,76,578,174,321,616,917,828,1852,543,552,885,941,499,290,778,163,133,249,67,112,349,143,304,147,493,1103,624,147,522,67,163,743,103,192,167,469,138,55,230,92,295,141,177,654,117,310,120,228,752,849,803,718,216,841,114,366,55,241,170,290
2012-09-01,414,323,427,183,182,691,491,1041,30,131,126,68,114,230,365,303,160,73,573,176,260,568,932,831,1802,561,488,764,892,465,260,684,175,122,254,59,114,302,132,241,160,396,953,511,143,516,49,144,703,92,183,157,494,98,59,190,97,270,113,181,606,113,253,104,192,693,761,766,725,201,684,96,333,72,194,168,241
2012-10-01,387,360,392,208,152,659,418,871,21,156,139,60,117,242,359,328,170,53,517,173,249,553,923,864,1750,561,508,837,893,482,286,749,174,124,229,69,104,370,137,302,149,432,872,551,130,547,34,134,714,122,163,137,481,132,69,184,102,251,112,163,576,127,255,99,231,656,853,764,755,282,733,108,350,59,221,166,268
2012-11-01,385,301,362,197,159,552,394,838,27,120,124,79,96,238,354,343,127,50,464,160,273,532,838,856,1591,486,450,817,782,445,282,620,172,136,253,60,107,330,120,255,142,361,937,608,152,482,34,129,675,100,156,133,445,113,47,215,113,237,93,142,576,95,269,104,226,599,714,666,686,193,715,97,332,48,195,160,227
2012-12-01,380,308,322,162,157,561,336,939,29,112,89,47,65,223,310,319,146,63,511,157,260,512,840,756,1606,525,412,704,862,455,252,581,139,119,212,50,87,300,132,245,110,412,904,620,129,419,49,122,633,90,157,136,423,143,67,190,101,232,80,125,513,122,234,122,219,603,657,596,659,219,737,92,297,48,234,159,235
2013-01-01,375,323,320,189,149,531,387,838,19,113,107,33,79,239,335,310,140,58,522,195,251,547,881,621,1679,541,441,689,833,432,275,572,126,109,233,67,101,339,129,286,104,368,849,603,145,501,29,132,683,111,172,115,409,132,54,166,86,245,96,162,530,119,236,96,155,618,685,685,669,247,708,77,324,43,168,177,212
2013-02-01,355,233,332,149,103,445,259,669,17,78,99,21,76,211,314,233,130,58,439,148,227,411,748,583,1383,409,459,551,743,417,223,513,143,115,200,43,83,266,81,206,92,280,688,486,104,400,32,113,579,80,149,94,332,103,44,183,103,239,97,123,411,104,250,93,173,500,603,537,531,166,609,62,261,41,185,142,196
2013-03-01,355,268,370,190,148,437,345,859,24,87,109,39,80,226,362,278,131,69,519,157,205,454,915,594,1682,604,429,657,870,458,240,548,152,111,216,60,96,300,170,240,122,363,888,569,116,439,45,132,664,68,164,146,445,125,65,173,90,267,104,149,513,98,234,104,175,579,659,687,693,250,725,70,296,58,205,157,206
2013-04-01,420,313,334,178,137,474,330,755,26,128,124,37,60,215,302,285,134,57,455,158,218,468,895,694,1695,551,518,649,873,486,259,607,137,116,205,53,104,335,124,252,113,354,920,580,134,470,44,121,698,102,158,128,503,126,56,191,102,235,123,165,499,107,217,81,192,642,727,739,684,232,741,79,352,59,218,185,228
2013-05-01,390,374,318,184,168,601,331,889,20,95,124,30,86,242,305,356,165,60,517,184,235,483,909,705,1799,591,602,712,951,480,295,728,147,141,299,65,100,437,116,330,152,452,966,639,166,534,31,152,797,107,202,130,517,137,76,156,118,272,122,195,543,126,226,87,215,699,850,829,765,217,813,93,336,57,213,160,231
2013-06-01,387,365,409,181,150,737,437,865,32,106,103,29,73,219,337,289,165,73,494,180,228,502,895,741,1757,561,481,773,846,465,267,618,161,105,272,65,97,374,138,299,162,445,987,623,144,485,45,120,712,92,178,144,483,139,70,180,100,267,128,201,509,120,260,118,226,675,843,732,657,235,731,85,367,54,249,206,247
2013-07-01,410,343,429,212,137,627,429,1021,37,108,123,44,80,224,352,350,150,48,459,143,241,508,890,696,1883,601,565,817,882,456,309,735,188,120,262,68,83,344,139,315,175,511,1012,706,175,605,52,159,729,87,251,149,476,128,74,188,101,240,121,181,554,113,266,126,179,690,897,830,729,239,753,106,351,62,253,202,275
2013-08-01,414,342,409,200,179,764,459,947,36,122,116,58,82,233,349,322,164,53,532,175,247,588,984,802,1747,660,614,798,854,403,285,783,141,115,251,65,78,374,130,363,197,452,963,696,161,547,52,163,720,96,195,143,460,117,64,192,107,277,129,152,574,120,263,99,184,674,913,775,667,264,781,86,368,45,182,203,263
2013-09-01,336,353,355,206,143,636,405,821,23,124,115,47,102,253,366,293,154,47,448,166,219,501,907,727,1749,567,584,728,821,451,249,659,162,103,233,70,70,311,176,340,194,392,888,621,121,483,26,128,683,100,208,122,413,140,62,198,113,235,87,159,512,115,233,86,177,658,757,654,614,240,721,94,344,51,224,167,238
2013-10-01,338,326,401,192,138,595,382,874,29,109,115,47,59,236,332,292,184,37,467,146,206,475,798,684,1717,563,539,749,752,365,225,671,162,79,204,61,90,352,144,273,144,458,852,598,140,529,46,139,707,119,206,122,396,122,70,177,92,198,88,179,527,84,208,72,175,535,795,605,602,283,687,81,315,45,195,176,231
2013-11-01,365,289,331,171,130,526,390,776,20,86,107,27,68,201,305,233,171,35,444,156,181,459,764,695,1609,541,569,680,720,335,238,663,146,86,205,45,85,305,114,234,110,340,818,550,117,434,31,140,617,93,154,100,358,102,44,149,101,204,107,124,413,90,199,78,186,513,692,609,552,233,700,87,302,50,217,175,198
2013-12-01,279,274,269,163,137,438,320,783,14,76,92,30,70,189,306,247,141,37,403,157,212,450,658,660,1495,478,459,694,625,352,198,678,144,93,204,51,88,253,132,231,98,317,730,469,115,388,37,112,554,92,147,104,354,116,36,151,85,211,76,100,403,95,230,75,210,507,582,501,548,203,587,99,279,60,176,179,187
2014-01-01,270,285,249,145,122,368,319,681,21,74,106,32,65,159,287,202,121,29,359,147,179,351,693,573,1248,478,459,568,563,319,205,556,120,107,169,42,65,238,92,214,95,308,652,437,104,326,22,104,494,88,153,79,292,105,36,129,76,220,59,154,392,75,217,57,151,474,577,493,488,178,549,64,230,55,159,188,188
2014-02-01,234,222,257,132,105,331,261,641,13,74,78,37,72,186,223,198,116,44,317,126,151,332,671,478,1131,428,408,503,575,310,186,526,120,67,161,30,67,207,89,189,80,236,519,380,94,287,18,104,535,75,133,94,291,73,41,129,83,207,86,156,356,73,167,59,167,377,466,476,453,168,515,58,200,47,143,146,154
2014-03-01,314,277,308,127,114,388,284,774,18,135,85,36,75,189,289,213,110,38,369,150,167,414,734,619,1529,531,507,648,639,375,231,578,137,108,210,42,80,305,115,253,88,299,722,542,135,392,36,126,633,103,170,115,343,114,58,173,100,256,89,139,394,99,217,103,184,514,553,627,547,162,684,69,260,50,129,150,189
2014-04-01,328,235,282,159,112,430,320,689,16,98,105,41,70,227,250,213,122,36,390,182,211,424,699,621,1553,533,514,621,742,416,271,534,131,111,209,52,73,274,152,251,119,344,763,485,114,482,27,122,664,95,175,86,370,118,65,183,89,220,83,185,464,89,215,82,180,563,659,617,585,229,683,68,283,48,183,160,192
2014-05-01,339,305,328,171,128,503,373,808,23,107,114,43,75,216,289,282,144,40,480,153,191,474,869,683,1757,528,517,642,792,476,263,623,148,129,241,50,96,348,132,257,130,365,801,564,130,450,38,117,677,98,220,147,458,165,57,162,99,260,108,154,449,69,257,86,193,557,674,621,579,247,717,69,289,54,187,179,208
2014-06-01,356,347,368,178,126,626,441,792,21,108,118,36,68,204,311,229,124,49,432,169,206,487,816,736,1614,558,509,657,768,475,243,640,211,117,258,66,78,337,145,303,163,362,940,552,129,518,41,154,659,140,219,112,388,124,56,176,91,263,91,156,489,91,245,84,173,598,677,643,593,204,775,84,300,70,219,186,208
2014-07-01,398,305,373,161,135,605,474,889,19,119,114,39,89,195,287,284,134,47,441,157,229,479,888,741,1806,538,488,740,854,502,245,665,164,104,239,61,84,359,137,288,149,376,874,634,145,535,42,160,708,103,243,129,448,135,65,150,85,316,89,161,546,69,245,85,173,639,777,680,668,219,813,103,309,62,219,187,226
2014-08-01,383,333,405,198,154,587,376,868,29,98,109,44,78,231,289,236,157,43,455,141,220,482,864,626,1849,586,506,772,821,447,218,743,167,122,212,77,86,307,118,291,154,418,873,596,122,536,58,160,651,96,227,108,367,104,49,181,83,262,119,139,484,95,199,106,156,661,751,632,633,197,692,87,289,64,207,192,255
2014-09-01,331,298,350,171,127,543,330,683,26,100,104,41,71,192,311,249,160,49,476,138,216,414,809,647,1638,516,447,736,727,408,217,638,171,95,256,59,73,303,149,240,131,379,806,526,142,442,40,162,608,110,190,131,342,113,38,178,88,251,79,157,459,94,237,74,167,522,674,604,537,282,727,70,261,53,190,170,182
2014-10-01,324,269,334,158,166,474,314,732,26,122,102,40,89,205,295,268,115,46,426,130,219,425,810,601,1631,557,503,824,859,397,249,610,135,106,245,49,83,285,149,236,120,374,789,531,124,448,26,115,636,109,191,154,365,110,46,171,90,223,85,152,463,90,209,92,173,562,692,648,568,229,691,84,285,69,189,156,169
2014-11-01,273,268,261,143,116,380,309,725,12,96,107,32,67,196,249,213,138,53,422,140,172,365,690,492,1447,469,426,547,669,290,198,556,133,73,186,60,63,253,110,194,96,370,731,472,128,421,23,107,509,96,158,108,331,104,55,144,83,233,89,108,374,80,205,79,214,536,542,520,515,241,546,69,218,46,152,131,174
2014-12-01,232,251,279,151,129,441,274,673,18,119,87,38,53,186,295,245,120,46,378,147,195,425,627,503,1467,457,486,609,620,331,166,590,129,84,163,48,82,270,94,202,85,329,766,526,122,385,30,149,572,98,170,120,356,113,58,147,84,187,77,136,374,86,209,90,159,453,542,524,541,194,562,74,257,48,156,157,165
2015-01-01,287,244,235,153,110,373,253,677,19,102,90,34,74,181,309,242,146,47,402,172,213,372,673,510,1416,531,402,574,595,298,166,525,157,89,201,48,62,219,113,206,114,292,803,439,101,393,20,104,586,100,175,128,329,99,43,176,85,230,88,131,369,69,187,77,141,484,518,543,471,208,617,60,213,33,160,147,151
2015-02-01,237,221,205,110,93,279,225,531,13,75,88,28,61,188,234,232,111,36,306,104,164,320,541,414,1112,406,328,420,468,247,168,390,116,61,142,22,51,194,78,150,71,202,576,394,95,316,24,85,432,79,118,87,234,76,29,125,81,184,78,85,305,70,138,53,140,392,413,385,357,141,509,60,210,41,115,127,139
2015-03-01,289,238,272,133,104,395,301,662,33,105,87,30,58,219,285,258,134,59,411,148,175,388,734,479,1406,542,468,607,688,386,199,569,130,81,212,48,65,234,118,217,117,313,791,528,151,405,30,99,560,84,156,95,324,103,38,169,102,243,74,151,393,81,184,71,185,489,611,559,592,169,630,86,270,59,160,139,190
2015-04-01,234,237,308,131,119,394,294,687,16,114,84,41,71,190,273,217,135,48,380,131,179,400,696,520,1452,498,418,685,661,409,170,580,116,77,194,50,63,243,107,233,113,311,742,491,119,383,33,132,566,107,172,107,302,104,44,114,89,250,81,119,412,71,198,69,152,534,628,685,580,180,642,88,257,51,171,134,182
2015-05-01,328,278,315,158,106,446,343,783,19,111,103,35,78,259,314,253,131,41,424,152,188,398,718,577,1532,455,485,723,753,391,245,547,138,90,239,54,89,275,128,217,120,311,783,539,119,457,40,131,617,93,163,117,383,101,43,149,99,226,106,127,438,75,221,80,198,608,744,753,605,181,668,133,309,65,190,138,198
2015-06-01,294,261,310,178,136,568,309,758,25,101,92,42,51,224,278,247,134,48,359,152,190,372,654,648,1492,472,457,715,711,370,266,608,200,90,209,46,78,266,117,201,139,326,785,527,135,433,30,135,575,76,162,140,319,123,51,167,77,228,108,153,430,80,244,82,190,585,614,616,605,223,663,114,287,33,192,150,161
2015-07-01,358,255,334,149,126,502,355,876,18,139,111,41,59,193,293,251,133,56,428,132,198,433,736,627,1619,488,511,698,756,386,233,760,194,109,231,69,97,261,151,231,158,361,831,578,113,518,28,135,607,90,183,101,372,114,45,152,69,252,81,162,459,84,199,88,200,516,693,611,582,180,655,67,263,49,197,129,205
2015-08-01,310,291,376,135,119,580,307,897,29,100,106,39,66,227,300,241,152,51,421,161,215,459,693,720,1607,495,455,731,756,436,248,803,185,123,217,69,69,283,101,259,136,362,837,510,120,499,44,113,593,101,177,102,422,103,51,141,73,247,91,155,462,103,203,72,171,509,727,698,608,236,720,100,294,59,227,138,228
2015-09-01,336,240,357,169,111,565,313,729,25,110,96,46,74,212,265,261,149,48,415,132,198,414,678,713,1443,443,476,675,682,405,227,649,167,103,212,54,70,289,125,264,153,323,739,523,101,419,47,144,540,93,194,117,326,100,41,132,65,239,107,123,418,98,166,95,152,510,594,568,619,198,722,73,252,65,169,118,202
2015-10-01,324,263,308,141,120,521,350,740,18,109,89,37,67,235,315,254,138,48,440,146,200,437,682,582,1433,503,501,696,758,350,178,699,148,80,239,63,71,283,105,305,135,309,659,485,103,428,37,135,502,67,121,122,372,88,40,153,85,211,80,134,448,117,212,62,161,534,614,566,576,195,692,70,308,49,212,147,200
2015-11-01,250,263,285,134,112,416,328,741,22,84,75,34,76,173,258,243,111,48,390,129,146,358,564,527,1302,512,377,600,618,358,186,634,145,63,182,39,57,271,105,213,119,275,701,451,96,376,26,121,498,73,140,93,287,71,39,157,82,196,91,128,351,91,189,95,150,489,510,510,501,180,627,64,221,48,134,122,181
2015-12-01,262,263,264,149,113,435,320,806,15,101,118,34,93,201,268,259,151,44,386,147,151,364,615,623,1183,437,378,645,580,353,190,702,148,95,195,54,58,246,88,221,112,270,662,480,107,379,21,121,459,71,137,93,272,83,39,145,74,202,79,119,350,92,184,78,181,438,498,488,564,185,585,57,221,52,120,100,166
2016-01-01,307,250,278,139,103,470,304,792,19,102,77,43,63,186,274,245,156,51,436,127,189,401,617,567,1229,486,363,696,657,384,206,725,160,87,206,50,69,240,111,195,118,264,615,475,93,392,27,106,492,86,139,123,272,68,44,128,73,224,70,132,394,106,214,56,185,444,516,511,508,188,570,54,236,56,142,102,174
2016-02-01,270,208,240,143,86,365,258,750,37,118,77,37,89,174,243,246,146,48,338,146,160,365,570,516,1205,464,348,642,557,360,197,612,118,76,189,39,45,194,91,199,67,256,542,424,105,369,27,110,404,99,129,87,256,93,46,134,78,203,71,145,288,78,153,62,163,384,455,469,460,174,540,49,257,49,148,107,151
2016-03-01,304,284,302,156,121,445,299,823,35,120,82,48,104,210,298,227,139,52,388,133,173,386,686,601,1335,510,389,730,855,388,197,692,150,52,200,53,55,265,102,219,127,306,656,536,106,421,27,103,530,79,156,118,352,98,39,189,74,220,90,128,398,83,192,78,187,462,631,569,563,174,656,84,285,46,178,132,213
2016-04-01,314,222,266,149,124,481,319,744,19,108,77,46,79,207,231,213,119,45,385,119,162,381,609,640,1383,578,374,719,704,360,195,657,121,67,199,63,93,242,94,192,103,291,637,470,93,367,42,103,511,82,169,111,336,99,43,159,61,242,87,114,405,102,173,60,154,449,606,546,546,237,614,70,260,41,138,141,225
2016-05-01,317,270,304,151,98,497,382,859,17,109,81,43,86,206,259,238,157,65,452,110,190,497,701,704,1497,501,461,768,749,390,238,796,172,80,199,59,66,278,120,256,119,327,782,536,149,418,34,116,639,130,179,107,350,102,57,195,74,254,88,129,414,99,203,97,182,541,640,619,578,230,646,80,294,40,162,165,171
2016-06-01,320,303,367,204,130,553,424,917,25,102,76,57,81,200,282,223,149,70,397,135,185,421,756,712,1595,502,518,768,709,451,235,739,182,84,226,64,101,302,117,258,150,344,745,535,88,421,35,120,590,100,180,100,323,132,42,198,64,210,112,155,431,96,221,99,199,551,656,561,610,204,662,74,283,69,177,140,232
2016-07-01,311,286,310,175,116,516,365,955,30,106,92,50,65,194,318,229,186,62,403,139,221,489,750,783,1588,501,471,866,758,438,257,900,200,111,221,72,87,319,122,254,198,349,746,585,127,397,39,141,698,92,170,126,362,134,47,201,62,180,96,169,501,96,197,107,181,556,632,568,584,235,727,101,296,56,153,177,234
2016-08-01,329,304,309,192,114,583,366,993,29,81,108,61,93,209,270,303,148,53,396,150,215,509,742,769,1497,484,496,883,820,412,240,764,201,98,212,58,93,343,136,266,187,364,756,595,109,455,27,137,615,103,185,126,383,125,62,221,86,254,113,144,420,94,235,88,199,563,668,540,581,262,684,106,300,53,168,161,195
2016-09-01,313,277,327,143,116,610,410,922,16,132,105,37,73,211,261,258,136,53,376,151,208,530,714,742,1361,516,457,899,766,419,226,780,178,99,249,53,89,314,110,231,158,296,693,492,108,420,35,111,631,126,136,120,325,118,44,168,86,242,80,165,486,80,211,96,186,474,623,524,575,230,629,89,272,41,177,163,205
2016-10-01,315,316,333,184,143,611,368,909,23,108,115,46,96,200,277,292,126,63,407,118,198,527,653,714,1401,470,426,874,770,413,233,755,161,91,263,68,86,293,154,218,218,311,693,603,115,403,39,145,611,138,153,106,315,100,51,178,72,213,87,142,428,87,188,78,171,546,549,499,552,264,714,108,269,58,169,134,230
2016-11-01,292,303,274,162,114,500,361,829,29,109,108,58,73,217,241,249,155,59,376,108,177,435,594,714,1313,438,355,848,763,349,202,733,157,91,234,41,66,252,125,207,172,259,677,478,98,377,31,108,602,102,158,100,316,113,47,163,88,197,72,120,394,86,205,66,153,422,536,419,529,253,621,84,225,63,202,160,161
2016-12-01,254,246,232,176,120,389,330,938,24,120,72,43,69,189,275,245,131,49,399,109,197,475,607,694,1257,319,355,687,651,318,180,777,114,68,185,65,77,235,117,195,129,234,601,498,115,336,34,105,530,68,128,104,283,87,62,163,62,187,69,140,354,89,158,78,176,422,470,429,487,258,511,81,222,35,169,148,177
2017-01-01,285,304,259,162,92,444,363,876,18,101,93,47,67,204,266,254,132,72,434,151,197,482,681,718,1278,452,430,779,742,353,216,679,131,80,241,54,55,223,138,183,138,283,686,551,110,363,21,99,537,76,150,97,303,105,69,133,74,184,92,124,386,101,207,70,207,473,528,487,553,269,620,68,277,49,182,158,223
2017-02-01,293,236,254,134,100,384,303,790,32,73,96,24,83,177,234,217,119,49,341,126,164,410,596,632,1166,402,357,630,658,301,201,686,146,59,174,46,49,241,108,160,127,279,600,449,98,289,25,103,482,88,101,102,303,99,43,145,76,185,91,125,345,98,189,61,130,429,442,390,451,225,573,68,200,39,153,104,186
2017-03-01,289,285,241,130,99,380,349,806,20,86,92,33,68,179,249,222,113,48,372,133,176,393,592,636,1172,464,407,703,691,332,224,780,141,63,211,54,60,276,90,212,144,311,657,478,116,359,31,106,541,86,128,100,289,104,54,169,68,160,91,114,378,71,179,64,156,441,539,442,486,238,559,59,228,49,170,160,191
2017-04-01,335,267,290,116,90,467,306,902,17,68,86,38,82,179,254,236,125,47,360,122,169,390,655,648,1304,491,387,725,769,364,225,802,152,77,214,51,78,272,97,230,147,343,668,577,108,384,22,118,586,113,145,101,363,127,61,121,65,168,86,128,341,59,198,79,133,471,595,486,501,208,676,64,239,39,151,137,192
2017-05-01,367,298,301,174,145,478,364,930,15,85,100,62,64,212,274,282,136,47,342,147,237,402,721,644,1348,511,436,744,821,454,219,852,157,102,192,53,69,281,142,262,131,370,731,585,83,393,29,133,618,113,161,132,354,117,70,179,84,163,88,99,418,74,232,72,140,506,600,606,564,184,696,81,279,65,192,154,213
2017-06-01,344,297,297,161,136,547,384,1074,19,81,85,48,85,213,277,252,144,59,374,132,185,429,727,776,1402,460,420,823,735,439,207,903,195,101,234,74,97,285,127,257,169,380,808,584,99,351,31,110,672,93,149,90,355,135,52,159,63,157,95,116,439,101,178,80,169,511,643,556,549,192,619,110,290,45,199,138,211
2017-07-01,406,322,343,167,136,550,398,1138,35,99,96,49,83,210,297,264,103,51,414,135,200,474,728,785,1404,500,420,785,816,425,228,942,167,96,237,59,96,326,149,240,165,359,818,552,123,463,47,117,686,100,152,101,398,130,65,184,66,208,97,140,450,85,198,79,176,507,704,553,606,185,719,81,268,67,161,160,269
2017-08-01,381,329,331,214,158,539,378,1216,35,96,82,43,62,210,302,293,143,45,399,113,201,457,697,731,1393,521,388,789,836,405,239,1256,172,85,199,83,74,328,132,250,137,343,800,502,113,406,37,136,634,83,150,92,375,102,60,180,65,198,106,129,389,93,200,76,170,556,722,519,601,190,680,80,255,55,199,151,243
2017-09-01,351,312,334,195,114,506,393,1115,27,102,75,56,93,207,293,245,138,49,379,112,187,401,726,699,1217,406,428,768,761,401,226,855,163,79,213,50,92,251,125,228,125,286,712,540,125,421,34,121,583,94,168,92,348,106,53,167,71,223,77,129,400,99,177,82,135,483,572,508,550,195,607,67,279,38,161,126,212
2017-10-01,398,301,324,182,119,564,388,1147,16,90,64,33,102,223,319,278,124,49,410,123,196,430,663,704,1215,387,382,736,755,349,225,903,166,86,233,51,75,317,132,208,143,300,715,518,103,417,40,111,519,77,167,98,300,118,41,177,71,178,84,140,395,76,177,96,143,504,593,475,505,198,622,74,269,44,176,111,248
2017-11-01,355,289,256,168,95,364,397,1043,15,98,73,53,92,210,315,218,122,39,320,108,207,402,629,629,1168,400,333,712,738,333,199,931,167,109,252,54,68,337,124,243,125,278,730,496,96,341,23,100,513,78,117,101,294,96,46,141,58,176,58,106,350,69,169,62,155,416,472,458,543,205,521,69,256,49,177,132,236
2017-12-01,281,308,279,162,109,419,389,1075,19,102,95,53,71,224,249,217,100,52,396,95,196,319,589,616,1205,343,322,744,648,338,190,885,137,71,181,42,61,258,141,228,139,269,666,516,96,345,26,93,518,86,155,97,276,101,49,147,75,195,77,134,316,83,174,61,144,398,491,416,504,177,570,56,213,42,165,106,165
2018-01-01,276,286,302,171,105,408,384,1036,35,98,102,41,83,208,270,234,104,38,372,113,181,367,588,510,1129,434,402,649,671,361,166,846,155,73,210,53,54,239,116,217,156,277,684,477,78,298,27,84,476,80,124,105,286,111,37,153,41,155,73,128,308,76,165,94,143,424,521,455,504,182,559,72,260,34,170,151,171
2018-02-01,245,235,243,147,88,350,296,798,18,87,72,32,68,160,208,187,106,48,315,106,192,302,489,396,944,364,313,598,604,297,155,739,121,45,176,46,63,217,97,186,124,218,557,447,83,289,20,82,419,62,120,87,250,79,48,136,64,166,51,98,272,59,152,66,127,411,431,358,392,138,473,50,186,40,171,110,181
2018-03-01,308,307,246,139,103,416,354,933,27,86,110,45,70,213,284,237,122,49,352,108,180,359,663,501,1278,463,395,687,758,349,185,879,136,79,207,44,69,246,145,231,157,286,663,462,92,361,31,106,570,90,117,95,337,129,38,162,61,173,69,124,358,90,175,80,164,460,554,474,495,176,589,70,271,35,169,158,238
2018-04-01,257,231,256,150,112,473,332,1066,14,81,86,28,88,189,288,248,107,45,383,114,209,370,612,599,1217,458,397,750,738,317,143,855,139,74,224,39,60,286,106,215,134,252,687,500,81,378,32,103,563,127,146,99,369,103,45,160,58,151,70,133,341,87,159,61,162,441,551,489,508,173,533,73,291,48,160,114,193
2018-05-01,305,303,283,173,104,480,390,1215,15,103,95,49,91,217,285,260,135,47,386,115,211,434,736,690,1488,564,472,793,863,388,238,991,177,99,251,64,78,318,126,315,166,340,792,605,109,380,41,111,711,99,165,86,378,112,60,190,76,184,77,151,396,91,214,68,158,538,653,662,602,218,693,95,307,51,213,117,209
2018-06-01,336,281,320,165,96,559,444,1139,15,111,93,32,91,215,266,241,126,49,337,129,174,458,705,638,1315,510,412,875,852,428,191,908,193,100,243,69,90,293,145,330,157,376,780,618,93,387,35,136,667,100,149,97,381,151,61,182,71,179,98,121,415,91,198,86,141,500,617,558,554,240,631,96,309,44,211,140,270
2018-07-01,388,349,353,162,124,558,440,1221,24,98,88,43,78,215,253,266,128,61,390,141,216,456,719,624,1491,498,458,892,878,411,216,913,177,103,226,59,72,304,140,275,223,308,803,629,91,381,31,117,651,112,162,106,375,144,63,212,83,220,109,128,429,97,200,106,155,540,729,623,593,221,703,95,291,53,184,137,248
2018-08-01,400,330,342,182,96,604,460,1274,26,116,87,41,98,193,269,233,141,62,360,121,186,430,760,702,1391,519,456,874,888,400,221,1116,163,87,254,67,67,314,113,231,181,342,829,632,101,426,34,133,633,131,166,117,397,122,73,192,74,191,92,125,409,100,161,92,166,518,718,620,594,219,650,82,268,70,167,157,280
2018-09-01,343,267,321,186,125,550,477,1123,13,111,91,39,70,204,268,215,106,53,385,116,171,398,695,638,1237,452,424,819,806,410,214,858,159,95,252,47,93,253,104,210,149,295,758,536,103,359,40,129,545,87,143,78,353,105,55,194,81,199,71,123,334,93,145,64,146,453,611,533,566,198,635,69,288,56,188,135,265
2018-10-01,348,315,308,165,133,517,443,1055,22,90,80,39,90,205,248,229,133,37,374,127,220,433,708,646,1208,552,415,860,820,380,203,861,150,87,222,61,75,247,115,179,209,268,695,530,100,371,29,128,597,99,152,80,307,102,63,147,72,210,68,112,359,77,166,86,146,469,572,473,474,195,650,72,242,43,164,136,256
2018-11-01,271,287,298,144,100,400,421,945,14,90,85,42,80,168,237,189,142,47,319,99,195,372,646,615,1114,403,363,729,707,383,195,776,126,84,208,47,65,244,120,213,144,230,620,524,100,302,25,126,458,108,127,83,307,97,36,152,71,164,53,124,289,73,133,66,127,475,556,464,498,218,594,56,208,32,159,102,200
2018-12-01,276,293,306,130,112,501,476,1023,27,81,93,53,82,205,286,254,141,56,357,103,165,443,664,609,1146,412,374,735,651,385,228,924,108,70,201,42,44,240,115,184,128,249,720,504,118,361,35,119,558,102,166,58,273,91,36,182,61,174,70,124,283,76,186,74,133,415,521,467,517,202,605,67,231,47,151,119,211
2019-01-01,287,248,259,130,97,391,340,960,20,74,80,42,55,158,243,197,108,57,381,105,172,346,635,528,1056,490,349,714,733,366,137,867,123,64,192,46,69,220,120,190,133,237,683,485,104,319,29,95,482,91,135,58,307,88,43,143,77,159,46,101,312,63,158,87,114,415,462,426,498,188,530,70,239,32,148,143,204
2019-02-01,285,212,246,119,83,343,314,923,17,93,70,47,75,151,225,179,100,37,356,89,158,307,588,460,954,451,308,666,655,279,158,776,132,66,221,36,76,238,87,149,105,255,641,464,105,275,23,101,441,71,135,41,261,92,30,150,73,163,50,78,326,65,162,62,126,417,439,475,465,147,534,72,227,29,139,108,209
2019-03-01,308,266,246,107,123,448,328,990,20,94,82,31,56,164,258,176,91,50,322,112,178,389,618,507,1209,569,359,707,762,354,188,835,135,88,234,49,79,256,82,171,139,311,673,517,109,330,35,133,472,115,146,88,284,98,34,132,46,178,54,106,350,68,188,76,154,399,472,476,530,181,539,72,282,39,137,112,208
2019-04-01,257,268,263,143,105,492,355,1025,19,114,91,49,69,212,271,195,110,49,335,129,144,350,680,511,1250,585,387,638,768,375,171,847,142,73,197,59,74,240,113,183,131,307,703,525,107,349,22,116,566,94,128,69,289,115,40,160,56,168,67,121,338,83,164,103,123,417,574,473,521,165,624,72,225,34,182,135,208
2019-05-01,395,347,303,154,84,520,388,1084,20,85,85,42,71,178,255,210,122,51,367,91,180,420,709,654,1373,603,414,823,747,418,227,940,156,88,224,61,83,328,132,206,147,387,770,642,122,432,38,127,617,113,150,100,379,132,31,171,67,199,80,133,391,79,176,75,143,477,637,555,648,210,744,73,299,31,176,149,200
2019-06-01,331,338,311,175,116,686,390,1177,24,115,110,40,67,202,210,211,116,52,345,88,183,479,735,704,1305,517,439,821,773,387,206,920,197,102,236,72,85,354,119,196,177,328,744,643,127,420,43,119,628,90,175,96,346,122,43,130,84,195,81,118,359,83,176,58,138,498,601,563,594,186,676,74,286,42,161,126,211
2019-07-01,385,341,337,167,91,545,395,1157,16,118,84,41,71,193,237,231,125,48,362,116,184,482,758,735,1505,614,460,834,814,420,228,954,156,90,239,52,77,333,109,228,169,314,825,662,130,433,31,149,652,102,188,96,367,171,34,173,57,213,88,166,400,89,203,72,146,524,676,583,689,210,730,104,304,36,158,190,236
2019-08-01,396,325,289,189,99,576,365,1101,27,115,88,36,85,217,253,237,110,54,404,110,222,418,759,685,1339,569,495,898,867,454,220,1078,144,99,240,71,73,309,134,223,152,347,730,626,98,402,40,134,602,114,145,71,345,128,53,200,77,202,77,158,394,91,194,76,162,566,607,549,631,205,709,94,282,49,187,129,247
2019-09-01,374,275,290,133,107,525,376,968,23,85,67,37,61,203,263,222,129,38,375,116,180,422,682,672,1270,500,343,812,745,406,257,777,186,91,254,59,84,332,108,228,155,297,769,592,122,367,36,100,546,91,179,108,315,115,41,180,65,187,80,119,370,83,189,78,143,476,628,483,557,204,657,68,267,45,158,136,203
2019-10-01,345,266,235,165,122,484,362,1047,20,79,58,26,59,202,243,248,100,36,361,125,184,449,644,617,1176,440,373,841,737,340,199,809,148,79,289,51,74,267,133,207,151,292,687,564,87,334,26,136,536,90,177,78,325,120,49,153,65,167,68,98,364,65,198,78,151,464,521,512,561,211,702,76,278,43,150,121,204
2019-11-01,292,270,251,149,112,398,317,993,26,91,66,31,60,154,213,198,117,38,366,113,158,365,558,533,1126,434,333,782,668,316,146,798,160,82,188,43,71,235,113,176,130,219,728,526,83,270,22,121,495,93,116,111,320,109,53,127,71,174,64,124,314,73,172,86,139,429,484,449,507,198,559,74,249,43,141,166,164
2019-12-01,352,287,283,146,113,494,308,1027,34,89,84,33,63,165,211,210,104,37,367,105,176,406,617,562,1148,442,390,746,691,313,187,819,166,96,205,35,59,263,128,173,114,254,695,531,102,319,29,97,490,96,176,83,312,103,43,130,65,209,71,119,331,57,170,81,146,430,509,478,530,230,584,73,272,47,133,138,186
2020-01-01,316,268,248,164,112,410,336,878,14,44,85,37,67,183,231,224,110,38,333,116,157,408,553,520,1144,443,349,623,720,287,188,698,147,86,212,34,68,259,87,204,112,268,728,458,117,272,40,106,521,69,154,73,338,84,54,144,72,166,67,114,330,66,154,54,149,469,481,488,513,185,583,77,215,37,158,143,193
2020-02-01,286,223,258,134,101,383,283,843,18,85,74,42,50,158,215,182,88,41,293,106,138,319,601,446,984,472,319,664,640,306,211,634,155,88,204,43,63,244,77,150,107,230,624,496,98,228,32,92,431,87,139,81,294,77,37,107,61,158,60,88,336,68,167,66,130,367,391,419,520,174,460,66,207,40,118,128,213
2020-03-01,251,264,189,133,90,327,237,595,23,59,66,42,64,154,219,156,106,41,296,76,118,317,534,354,1053,401,308,523,537,318,167,402,123,56,173,43,68,217,88,144,111,208,624,442,97,288,23,94,459,66,125,59,307,83,35,119,40,157,47,98,288,54,148,71,104,414,440,382,461,135,509,63,183,33,133,89,203
2020-04-01,189,174,197,135,89,225,132,279,13,36,61,34,65,131,149,153,80,44,247,74,121,196,396,269,792,257,231,330,436,254,136,235,84,55,121,41,36,181,72,122,84,169,531,377,64,203,17,77,376,54,101,59,267,77,36,113,47,108,45,90,241,43,110,75,61,334,370,325,375,110,340,36,182,29,102,58,156
2020-05-01,242,197,208,133,68,331,180,530,13,71,51,38,46,141,185,146,105,29,313,105,156,279,563,377,1126,442,343,506,612,290,165,480,127,57,167,43,69,255,98,139,103,256,650,517,112,270,23,126,557,73,134,85,327,122,35,120,64,124,48,106,310,61,114,75,87,426,587,458,536,151,550,61,253,37,141,71,132
2020-06-01,284,236,267,151,77,326,201,438,20,98,83,35,55,151,199,180,113,56,278,114,143,313,601,446,1095,388,320,467,549,337,147,255,131,62,146,45,71,277,108,189,101,268,683,463,98,309,30,110,526,77,130,75,337,105,43,131,53,147,79,93,320,56,158,67,99,434,483,501,463,163,566,55,226,40,158,73,211
2020-07-01,289,302,281,185,92,398,247,654,17,105,78,38,52,166,219,187,131,57,345,89,153,307,571,485,1167,448,338,572,658,324,171,449,132,91,178,61,53,263,112,203,135,282,731,495,117,333,22,129,511,78,147,95,355,123,39,133,68,185,64,94,346,59,164,79,107,485,584,521,589,160,604,70,230,38,155,97,206
2020-08-01,312,312,275,186,94,388,255,802,23,99,87,52,69,220,233,184,103,50,373,112,201,316,677,535,1210,481,310,571,671,326,175,495,157,62,188,67,51,276,113,191,144,274,667,488,118,343,36,106,603,88,162,93,326,79,49,137,65,156,71,113,332,60,155,73,98,421,534,505,520,153,544,69,227,36,133,103,203
2020-09-01,273,293,253,169,106,359,184,590,15,74,81,45,77,217,228,185,125,45,310,101,143,313,602,457,1044,420,292,591,621,276,164,367,113,71,199,55,43,240,96,136,123,241,661,427,99,291,33,114,517,79,140,96,315,82,45,128,60,152,69,99,261,63,158,67,100,370,460,408,499,147,545,57,235,42,144,87,196
2020-10-01,295,291,284,172,83,387,240,578,29,88,84,55,87,165,232,202,116,58,304,101,148,305,532,486,1050,443,327,571,581,300,172,369,132,99,187,70,57,228,140,168,162,255,637,445,91,320,31,99,526,102,151,70,361,77,39,145,49,145,71,127,259,55,113,67,101,407,482,399,500,164,546,93,228,54,151,88,203
2020-11-01,231,248,193,119,106,308,238,480,27,102,108,62,63,160,262,172,121,42,325,93,158,280,499,389,988,370,300,462,494,262,146,318,121,52,204,57,49,249,94,147,133,211,578,416,87,227,34,108,442,71,131,71,327,63,43,130,56,122,55,107,266,72,130,60,78,359,432,347,467,162,478,83,224,48,153,92,165
2020-12-01,236,242,214,145,98,294,228,437,43,143,121,64,60,135,210,162,143,51,309,77,140,302,414,354,941,348,260,474,512,258,153,293,146,54,166,44,46,204,95,143,99,224,610,371,89,268,19,100,449,67,109,82,268,83,43,113,39,130,57,140,248,59,136,84,129,355,395,358,432,158,436,111,223,72,125,102,169
2021-01-01,249,235,248,144,97,289,236,495,23,143,93,53,54,143,237,168,142,43,327,85,126,282,450,360,898,339,279,450,494,233,153,308,103,66,162,52,40,211,92,153,101,241,600,414,99,267,31,138,474,62,118,74,293,79,42,137,52,139,54,122,248,39,130,77,111,394,375,382,438,148,502,69,194,57,156,130,184
2021-02-01,189,198,180,113,54,215,147,402,16,84,61,37,53,113,172,138,106,34,239,78,106,238,383,308,728,301,238,408,441,196,140,237,102,48,127,44,25,200,77,117,82,179,465,342,58,245,18,75,324,57,89,49,219,68,45,106,43,115,40,101,228,52,102,69,88,334,311,252,389,117,387,51,183,36,119,111,172
2021-03-01,252,225,216,128,70,279,171,455,13,90,62,30,60,128,206,153,113,43,309,80,133,330,482,395,1013,412,283,474,519,236,136,256,117,50,207,49,42,198,86,150,93,247,616,424,79,273,29,104,449,83,137,85,277,75,51,135,50,123,45,85,256,56,129,71,108,370,384,356,479,108,536,57,195,31,112,111,175
2021-04-01,247,225,244,138,65,310,155,450,13,86,70,27,44,134,185,163,100,31,292,75,111,270,497,335,899,349,303,463,500,249,138,339,106,49,169,36,38,185,90,148,103,230,586,395,85,305,29,96,378,81,110,93,301,87,37,98,43,137,47,79,274,46,127,62,91,352,428,410,431,147,464,59,223,34,152,98,150
2021-05-01,311,213,255,135,83,342,207,620,20,103,50,41,59,152,199,156,135,47,297,102,121,334,549,453,1047,428,308,546,579,320,168,425,122,61,179,57,48,216,117,139,132,260,657,453,81,312,15,95,481,71,139,87,312,110,40,124,54,150,57,92,299,73,159,62,95,381,489,445,542,152,519,55,209,35,150,111,184
2021-06-01,307,261,254,142,76,417,246,716,18,126,74,51,63,136,213,156,143,52,275,107,126,280,545,473,1107,407,353,576,581,331,186,500,150,87,221,47,44,265,120,176,150,267,676,501,126,333,27,119,487,76,120,99,322,101,50,146,70,141,58,100,317,61,146,63,98,374,521,489,492,157,518,68,230,45,147,102,214
2021-07-01,248,236,290,125,81,482,288,794,28,105,69,51,47,184,210,223,125,52,314,114,125,270,505,524,998,392,331,582,536,281,182,775,177,88,219,42,56,232,120,177,154,233,652,456,109,344,26,111,496,100,148,93,321,126,55,124,49,147,63,126,340,67,149,84,116,393,479,441,510,167,565,87,221,52,149,123,233
2021-08-01,310,273,300,123,85,476,279,881,26,75,73,33,74,152,222,201,145,35,304,114,140,266,489,474,968,298,320,583,546,269,198,549,148,89,200,51,63,230,124,184,164,251,641,473,92,338,30,111,492,79,139,101,301,96,60,120,58,158,54,123,336,69,145,96,92,400,430,405,457,153,528,61,201,37,127,123,189
2021-09-01,297,295,291,158,97,460,310,901,19,89,87,38,58,169,253,197,144,44,301,142,146,339,472,495,1027,349,349,688,566,304,245,472,193,101,191,51,49,259,120,183,176,226,657,527,91,340,27,118,473,98,123,89,303,102,69,148,71,159,71,116,332,67,144,103,103,422,398,402,483,167,479,58,208,46,160,123,209
2021-10-01,291,259,298,188,106,486,284,914,18,95,76,24,63,171,198,240,110,41,315,130,150,327,488,643,1024,302,323,753,570,300,235,534,206,86,189,54,43,260,120,175,184,238,633,496,110,266,36,128,445,80,108,87,261,99,61,147,49,183,74,111,345,54,154,84,112,398,423,409,463,139,504,80,238,44,162,125,221
2021-11-01,311,236,291,123,85,445,260,764,25,84,57,42,59,176,183,210,120,42,297,111,136,305,509,539,847,256,253,625,431,267,190,476,174,86,186,54,50,245,112,155,165,208,571,408,93,286,28,107,409,66,97,66,280,78,37,118,54,160,60,97,279,51,128,73,120,377,321,354,475,166,464,75,202,36,150,118,239
2021-12-01,284,277,227,126,83,369,267,694,19,85,48,31,48,155,202,179,105,41,308,110,129,260,427,457,873,250,216,578,442,265,184,480,159,94,177,43,47,235,108,169,142,222,569,387,84,317,31,100,390,60,109,65,295,87,53,124,71,151,77,89,232,59,136,71,106,357,315,306,412,140,465,63,204,40,134,116,214
2022-01-01,281,314,248,127,79,318,202,699,25,54,62,32,61,135,191,165,84,40,275,104,125,221,372,407,719,251,223,600,388,262,182,515,206,87,157,34,38,256,104,139,153,223,549,366,88,298,22,85,378,52,99,61,248,86,39,122,68,159,55,108,262,52,134,48,94,308,365,299,416,136,448,53,181,47,124,116,196
2022-02-01,265,204,217,92,78,304,188,642,18,70,69,36,80,156,188,170,93,45,274,96,113,236,415,437,820,280,243,567,449,251,171,476,155,81,171,43,56,211,110,148,122,167,535,380,89,264,21,80,335,56,109,75,236,67,47,122,67,139,57,92,279,50,135,55,94,315,320,319,349,119,424,55,181,32,114,117,175
2022-03-01,245,277,277,141,96,394,239,798,23,114,77,43,72,146,211,197,120,56,279,99,146,347,498,540,938,277,278,740,536,334,218,595,194,88,177,52,46,259,141,186,147,212,661,452,96,329,28,101,455,91,105,78,252,96,37,139,67,157,44,97,281,66,131,74,122,392,386,362,450,146,556,61,215,37,133,162,221
2022-04-01,294,290,271,140,94,417,258,720,22,92,69,45,90,155,213,155,118,45,297,92,147,282,450,509,1049,330,308,635,486,292,221,554,193,68,182,44,58,243,128,162,169,233,649,469,91,331,20,104,464,88,130,69,259,96,40,132,70,194,59,104,316,68,158,80,111,400,362,378,472,137,496,60,216,35,143,133,199
2022-05-01,354,357,279,172,99,479,322,929,20,104,94,49,85,188,251,200,125,46,330,115,178,322,528,561,1086,332,311,716,521,302,239,663,197,110,248,62,70,268,109,187,142,334,643,521,79,348,23,99,484,74,144,103,280,113,64,153,83,188,71,112,339,71,164,79,137,446,426,453,500,181,537,76,211,53,135,152,273
2022-06-01,372,319,387,159,117,640,336,923,23,125,83,52,90,152,221,208,117,50,329,103,164,333,438,665,983,329,320,861,630,364,253,647,238,96,282,77,69,287,151,192,189,309,669,514,95,332,32,109,453,90,179,104,267,93,57,160,72,177,91,132,377,79,166,72,120,443,374,427,521,162,510,80,232,46,129,143,249
2022-07-01,394,321,357,172,119,643,350,1120,26,94,108,62,73,178,290,245,142,66,328,110,163,349,479,659,1079,369,317,861,629,326,264,1139,223,119,272,107,58,320,175,220,174,304,709,558,94,395,27,150,546,74,164,114,284,95,68,156,81,197,75,163,313,80,176,79,167,421,435,371,559,164,513,79,267,45,127,132,215
2022-08-01,380,368,384,200,117,536,346,990,31,116,109,38,99,208,265,221,129,62,411,114,186,357,549,578,1166,338,344,864,573,346,277,663,237,99,251,61,52,312,175,208,206,314,834,564,107,408,33,108,599,83,166,109,306,132,50,191,88,170,66,152,359,77,181,109,128,459,445,424,577,164,540,80,272,57,154,141,269
2022-09-01,408,368,393,203,119,537,315,964,19,107,86,55,79,184,296,239,143,50,380,105,180,401,507,689,1263,342,337,826,643,355,258,641,197,97,254,60,42,307,143,187,211,271,822,568,128,438,29,118,593,86,163,98,343,126,52,191,91,181,83,165,320,73,155,100,131,423,442,442,551,202,566,76,283,39,162,111,258
2022-10-01,360,391,372,202,119,528,350,885,41,134,106,75,92,215,285,279,161,77,398,131,188,390,686,728,1224,379,376,882,661,308,248,660,202,103,239,58,50,368,173,190,194,288,805,558,109,483,29,114,579,97,195,132,310,128,59,199,87,194,92,140,333,89,190,99,157,421,452,416,541,197,607,83,310,53,188,162,284
2022-11-01,292,349,308,164,120,449,297,875,29,104,82,68,83,190,292,243,153,65,385,103,180,383,601,681,920,307,341,939,537,326,228,651,197,99,245,68,39,298,171,202,184,261,708,579,92,334,34,137,528,90,154,98,296,100,45,175,101,158,83,129,290,70,175,105,169,382,360,396,482,192,520,106,279,44,173,127,240
2022-12-01,323,343,286,202,160,453,245,805,19,133,104,51,69,255,277,252,160,57,350,128,188,375,503,627,875,303,332,810,486,292,248,584,168,89,281,82,53,268,206,203,191,275,652,495,90,394,41,116,470,60,142,108,264,124,50,172,117,166,85,135,297,88,165,92,155,376,347,400,492,164,511,66,246,40,169,174,256
2023-01-01,328,311,363,194,112,450,310,900,22,101,99,54,66,213,273,259,143,52,368,112,162,401,524,613,1061,352,311,849,560,310,218,715,180,89,277,75,62,307,199,240,190,294,818,577,125,357,27,145,486,86,183,100,329,118,58,203,86,171,66,117,300,79,164,98,162,395,390,414,508,181,580,94,288,53,162,153,260
2023-02-01,317,297,307,155,103,387,233,812,15,91,72,46,62,188,214,225,128,37,322,116,155,335,443,533,866,268,287,697,489,301,214,582,185,79,202,67,54,263,160,182,166,234,688,483,101,358,18,113,423,77,131,95,256,85,46,200,83,167,67,117,319,61,172,95,137,386,322,367,501,207,470,58,247,39,171,172,238
2023-03-01,365,282,339,162,142,451,283,937,22,97,97,37,73,171,272,269,138,48,416,125,180,424,530,620,1040,330,330,866,584,332,226,713,203,68,213,80,46,275,144,173,162,255,753,549,86,372,29,97,539,77,136,106,278,90,42,190,68,205,71,103,332,72,150,86,154,416,414,441,565,220,540,62,257,64,165,148,268
2023-04-01,361,257,354,152,135,470,292,847,31,98,85,37,78,205,266,209,111,59,416,139,166,405,491,678,1020,362,322,802,594,327,247,686,205,83,242,87,73,337,156,183,237,255,734,508,88,409,25,107,488,77,161,88,291,122,53,150,76,202,80,116,368,69,175,128,132,388,389,425,541,207,540,93,295,48,162,150,243
2023-05-01,393,335,380,184,99,546,331,889,28,99,92,48,70,228,333,231,142,69,437,157,163,429,556,658,1137,293,380,844,619,382,233,672,246,87,328,91,54,328,164,226,207,325,673,543,82,369,43,111,522,84,162,119,342,138,79,187,87,192,90,129,421,79,180,108,176,443,376,491,571,196,648,71,287,45,169,151,274
2023-06-01,413,329,418,190,147,682,342,864,24,105,120,41,75,221,320,191,134,53,399,116,191,390,590,675,1143,383,403,906,665,418,249,743,251,86,270,88,63,397,160,257,211,330,751,502,106,398,44,103,525,98,171,123,300,87,85,190,92,209,86,147,392,118,199,103,157,413,435,458,559,160,592,93,297,34,164,146,255
2023-07-01,372,392,454,177,132,590,397,1070,21,115,102,45,79,233,321,236,170,87,404,131,184,488,628,749,1166,355,401,916,716,393,261,736,252,141,257,102,55,357,235,261,265,375,814,545,102,417,39,143,539,88,198,159,331,129,78,209,65,213,56,145,421,110,203,107,166,473,468,456,594,212,623,91,266,48,176,153,313
2023-08-01,426,389,436,179,129,694,403,1029,18,105,115,41,89,227,333,225,162,71,432,148,195,511,643,805,1098,376,352,896,640,404,295,1033,275,112,306,95,74,362,203,227,246,367,744,576,91,366,26,135,568,86,171,120,309,127,68,209,98,189,71,181,401,103,228,118,160,459,454,415,603,205,601,109,283,41,174,150,333
2023-09-01,392,384,454,189,130,619,364,964,21,97,89,49,79,254,298,237,151,62,427,124,205,468,631,673,1010,332,406,922,579,365,272,748,246,94,332,89,65,322,181,197,185,350,660,507,99,292,22,132,536,107,190,155,284,94,73,228,113,192,98,137,402,118,209,110,159,465,414,435,568,202,584,88,234,45,150,123,315
2023-10-01,399,322,428,211,132,601,353,995,25,134,95,43,86,237,304,260,172,55,483,167,219,443,648,704,1065,294,370,889,596,406,302,686,248,102,241,63,53,301,161,231,199,345,732,538,132,379,34,180,491,113,221,179,292,110,46,185,115,195,98,169,383,90,235,114,169,464,436,407,643,224,608,95,250,39,158,160,284
2023-11-01,430,313,320,212,117,524,306,879,39,129,88,44,84,188,296,212,162,54,393,150,209,460,658,674,1009,345,337,911,510,399,251,722,209,103,254,76,61,282,152,198,176,283,693,534,114,331,18,150,481,111,174,109,268,93,65,160,67,197,100,138,337,87,216,91,145,468,372,385,546,212,548,77,267,46,145,132,276
2023-12-01,418,385,319,202,108,516,292,914,25,86,84,50,88,186,285,255,141,62,453,128,179,446,599,589,979,289,310,847,498,366,277,733,197,95,233,63,61,290,131,204,205,298,676,477,63,309,15,114,471,85,156,112,317,90,77,162,72,169,81,120,339,78,232,76,130,461,310,378,526,191,490,73,252,41,158,129,266
2024-01-01,417,312,319,163,84,432,295,900,21,98,70,36,77,169,245,194,142,50,383,121,171,423,511,553,955,327,302,789,510,343,225,688,181,72,211,80,42,269,156,188,183,295,672,474,74,319,18,124,448,89,138,90,311,74,70,192,62,148,74,167,291,77,218,72,138,372,328,412,480,182,488,55,229,32,147,157,296
2024-02-01,389,325,317,166,95,468,294,836,34,118,84,39,85,192,245,227,132,51,396,130,219,415,482,620,952,314,283,829,502,376,253,701,202,78,205,70,47,256,169,184,188,317,664,485,93,281,19,130,439,76,167,92,281,98,88,188,84,198,74,106,323,82,204,86,159,436,342,372,485,168,492,76,240,48,135,121,264
2024-03-01,390,337,358,176,110,519,335,870,25,89,106,46,81,202,269,206,121,58,397,106,192,398,588,587,1023,331,326,853,474,368,280,754,206,75,210,67,54,302,140,174,196,295,685,538,95,336,26,108,483,97,135,81,274,89,58,212,99,179,80,126,308,82,215,103,168,438,379,404,543,214,568,75,285,42,138,150,329
2024-04-01,388,320,377,181,99,527,307,895,17,122,97,46,103,202,255,202,126,46,395,109,202,380,557,602,1018,295,299,813,537,346,253,713,188,82,200,70,53,305,131,185,186,308,678,471,89,332,29,100,466,96,147,104,295,112,85,171,60,185,92,134,346,65,163,88,132,438,344,409,507,184,548,77,241,35,183,151,283
2024-05-01,405,309,416,179,132,582,400,1070,17,116,92,46,75,255,290,222,150,58,429,119,233,482,614,697,1110,318,340,948,611,364,291,841,208,75,274,73,71,321,155,226,173,363,758,606,99,347,28,119,482,101,168,93,314,114,66,197,92,199,82,129,345,64,231,102,189,460,420,449,625,242,585,82,279,47,189,134,303
2024-06-01,342,298,421,148,143,741,380,995,25,108,97,58,74,227,283,249,168,68,405,136,179,479,643,688,1243,363,319,947,585,410,311,854,221,125,283,66,70,324,196,228,224,318,713,507,105,324,27,104,493,93,173,114,361,94,62,202,79,171,95,152,362,85,205,113,162,452,419,491,613,207,605,83,272,56,194,145,282
2024-07-01,367,329,415,173,117,680,392,1076,31,118,89,43,99,220,277,235,151,55,449,116,229,515,680,695,1163,354,368,1047,622,368,324,872,271,99,260,87,75,344,173,224,226,350,800,491,105,360,25,111,510,113,168,129,362,135,69,255,115,235,114,158,399,97,228,93,178,486,418,483,581,227,647,92,289,48,185,157,316
2024-08-01,328,307,407,167,120,649,398,1038,32,113,89,49,92,176,260,229,133,49,354,130,208,468,632,760,1109,337,390,968,555,348,242,906,264,103,283,76,70,425,194,230,189,310,767,470,90,358,27,97,505,79,154,104,312,103,55,216,103,183,88,155,378,97,198,83,190,486,425,462,580,173,574,75,288,57,166,158,330
2024-09-01,353,347,418,178,126,581,396,944,23,104,84,40,94,222,316,258,168,58,417,130,197,512,606,742,1107,295,372,1034,559,389,258,782,269,105,244,79,75,326,191,212,221,324,740,459,83,332,29,104,505,99,171,135,336,101,78,195,130,184,84,112,370,110,240,98,185,478,394,499,583,213,560,72,255,45,166,129,299
2024-10-01,328,303,367,190,118,556,375,980,16,101,77,41,91,198,267,235,155,69,381,115,230,509,552,757,1115,301,314,981,559,337,261,850,266,98,289,76,42,311,216,222,227,362,675,477,112,330,23,113,482,107,157,124,298,99,62,192,97,186,83,143,315,111,193,88,165,475,440,430,579,225,570,68,238,49,189,143,303
2024-11-01,317,271,327,157,111,514,334,911,13,87,71,43,80,192,248,207,115,67,328,123,185,393,554,637,999,238,285,825,522,317,200,666,210,107,200,70,61,309,168,163,198,260,625,427,79,296,14,125,383,81,134,119,265,71,55,188,86,168,74,116,329,97,212,89,151,375,363,379,430,186,468,72,226,45,140,102,287
2024-12-01,267,269,314,125,101,489,359,783,18,76,84,41,76,193,209,212,122,35,325,112,144,422,569,582,1030,284,253,818,506,265,233,610,218,72,205,60,39,297,181,202,185,271,671,404,86,263,24,92,389,86,162,103,254,85,48,175,90,180,82,121,304,76,171,75,157,378,331,399,459,176,456,71,203,39,153,125,237
